date,dep_retail_stable,dep_retail_less_stable,dep_small_business,dep_corp_operational,dep_corp_nonop,dep_fi_nonop,loan_commercial,loan_mortgage,loan_consumer,reserves,treasuries,agency_mbs,corp_bonds,other_assets,wholesale_short,wholesale_long,other_liabilities,equity,und_retail_lines,und_corp_credit,und_corp_liquidity,und_fi_facilities,rate_retail_stable,rate_retail_less_stable,rate_small_business,rate_corp_operational,rate_corp_nonop,rate_fi_nonop,stress_index,fed_funds
2023-01-02,30000.0,18000.0,8000.0,20000.0,9000.0,7000.0,40000.0,30000.0,12000.0,9000.0,20000.0,9000.0,2000.0,8000.0,6000.0,18000.0,3000.0,11000.0,10000.0,20000.0,6000.0,4000.0,0.866,2.165,1.299,2.598,3.68,4.114,0.06,4.33
2023-01-03,30084.174,18037.206,8030.578,19864.445,9032.44,7040.807,40004.791,30008.613,12010.943,9061.786,20000.0,8997.857,2000.0,8000.0,5990.849,18000.0,3000.0,11003.492,10001.079,20001.938,5999.565,3999.602,0.867,2.167,1.3,2.601,3.685,4.118,0.06,4.335
2023-01-04,30078.266,18054.801,8016.801,19864.325,9082.137,7099.394,40013.405,30008.999,12020.774,9155.548,20000.0,8995.715,2000.0,8000.0,5991.733,18000.0,3000.0,11006.985,10002.135,20003.941,5998.795,3999.203,0.868,2.17,1.302,2.604,3.689,4.123,0.064,4.339
2023-01-05,30117.891,18076.459,8023.456,19836.585,9099.4,7153.193,39994.424,30005.051,12028.606,9285.688,20000.0,8993.573,2000.0,8000.0,5989.878,18000.0,3000.0,11010.48,10003.216,20006.016,5998.153,3998.985,0.869,2.172,1.303,2.607,3.693,4.127,0.06,4.344
2023-01-06,30134.047,18045.242,8028.786,19717.493,8997.454,7244.811,39959.051,30016.609,12010.322,9210.049,20000.0,8991.432,2000.0,8000.0,6005.658,18000.0,3000.0,11013.975,10004.324,20008.417,5997.79,3998.792,0.87,2.174,1.305,2.609,3.697,4.132,0.049,4.349
2023-01-09,30141.207,18072.785,8043.124,19839.889,8983.389,7224.957,39934.231,30014.406,11991.935,9390.786,20000.0,8989.291,2000.0,8000.0,5997.827,18000.0,3000.0,11017.471,10005.445,20010.714,5997.44,3998.738,0.873,2.182,1.309,2.618,3.709,4.145,0.045,4.363
2023-01-10,30180.336,18043.038,8058.051,19764.974,8949.854,7269.675,39915.098,30023.415,12020.301,9332.193,20000.0,8987.151,2000.0,8000.0,5991.26,18000.0,3000.0,11020.969,10006.583,20013.479,5997.372,3998.736,0.874,2.184,1.31,2.621,3.713,4.15,0.036,4.368
2023-01-11,30179.135,18110.771,8041.256,19751.776,8963.749,7336.729,39835.886,30025.2,12011.482,9548.717,20000.0,8985.011,2000.0,8000.0,5998.41,18000.0,3000.0,11024.468,10007.717,20016.079,5997.312,3998.738,0.875,2.186,1.312,2.624,3.717,4.154,0.04,4.373
2023-01-12,30156.96,18215.837,8047.036,19807.086,8952.785,7324.194,39821.265,30038.17,12007.273,9679.123,20000.0,8982.871,2000.0,8000.0,5996.837,18000.0,3000.0,11027.968,10008.809,20018.343,5996.695,3998.486,0.875,2.189,1.313,2.626,3.721,4.159,0.059,4.377
2023-01-13,30172.712,18232.936,8045.91,19861.659,9018.798,7280.477,39808.765,30029.79,12011.092,9804.005,20000.0,8980.733,2000.0,8000.0,5990.424,18000.0,3000.0,11031.469,10009.919,20020.532,5996.322,3998.402,0.876,2.191,1.315,2.629,3.725,4.163,0.053,4.382
2023-01-16,30174.001,18263.488,8034.634,19885.749,9071.334,7356.097,39820.812,30036.903,12021.482,9952.523,20000.0,8978.594,2000.0,8000.0,5990.041,18000.0,3000.0,11034.971,10011.044,20023.085,5996.048,3998.336,0.879,2.198,1.319,2.638,3.737,4.177,0.047,4.396
2023-01-17,30261.303,18258.914,8042.58,19853.261,8989.321,7387.948,39829.746,30023.441,12017.626,9958.671,20000.0,8976.457,2000.0,8000.0,5974.14,18000.0,3000.0,11038.474,10012.145,20025.309,5995.633,3998.123,0.88,2.201,1.32,2.641,3.741,4.181,0.055,4.401
2023-01-18,30322.591,18244.504,8037.434,19850.759,8984.564,7379.473,39803.283,30017.006,12022.441,10029.168,20000.0,8974.319,2000.0,8000.0,5984.914,18000.0,3000.0,11041.978,10013.227,20027.351,5995.077,3997.755,0.881,2.203,1.322,2.643,3.745,4.186,0.06,4.406
2023-01-19,30375.549,18237.28,8016.316,19815.367,8897.823,7378.17,39846.143,30033.651,12022.818,9881.707,20000.0,8972.183,2000.0,8000.0,5990.514,18000.0,3000.0,11045.483,10014.314,20029.563,5994.385,3997.449,0.882,2.205,1.323,2.646,3.749,4.19,0.061,4.411
2023-01-20,30376.915,18199.207,7998.096,19832.948,8930.099,7357.055,39826.211,30030.373,12028.435,9890.996,20000.0,8970.046,2000.0,8000.0,6002.752,18000.0,3000.0,11048.99,10015.426,20031.892,5993.963,3997.254,0.883,2.208,1.325,2.649,3.753,4.195,0.05,4.415
2023-01-23,30323.687,18214.501,8013.614,19770.749,8962.391,7411.856,39875.202,30037.281,11994.465,9887.924,20000.0,8967.911,2000.0,8000.0,6013.487,18000.0,3000.0,11052.498,10016.547,20034.338,5993.715,3997.095,0.886,2.215,1.329,2.658,3.765,4.208,0.051,4.43
2023-01-24,30284.884,18194.401,8018.329,19723.402,8937.389,7422.387,39913.749,30029.549,12000.753,9739.986,20000.0,8965.775,2000.0,8000.0,6013.014,18000.0,3000.0,11056.006,10017.637,20036.165,5993.193,3996.698,0.887,2.217,1.33,2.661,3.769,4.213,0.061,4.434
2023-01-25,30313.802,18253.14,8009.67,19760.938,9006.307,7485.952,39980.6,30033.811,11980.84,9954.558,20000.0,8963.641,2000.0,8000.0,6024.125,18000.0,3000.0,11059.516,10018.779,20038.856,5992.92,3996.694,0.888,2.22,1.332,2.663,3.773,4.217,0.044,4.439
2023-01-26,30378.905,18249.662,8012.029,19726.633,9086.517,7502.551,39950.454,30038.408,11994.392,10093.239,20000.0,8961.507,2000.0,8000.0,6018.675,18000.0,3000.0,11063.027,10019.92,20041.473,5992.959,3996.658,0.889,2.222,1.333,2.666,3.777,4.222,0.041,4.444
2023-01-27,30388.498,18216.943,8038.019,19747.552,9159.631,7505.976,39946.777,30015.879,12008.551,10202.361,20000.0,8959.373,2000.0,8000.0,6009.782,18000.0,3000.0,11066.539,10021.096,20044.531,5993.285,3996.901,0.89,2.224,1.335,2.669,3.781,4.226,0.021,4.448
2023-01-30,30346.495,18231.506,8045.831,19698.309,9164.637,7429.605,39900.863,30010.31,11983.28,10162.619,20000.0,8957.24,2000.0,8000.0,6027.876,18000.0,3000.0,11070.052,10022.293,20047.765,5993.79,3997.235,0.893,2.231,1.339,2.678,3.793,4.24,0.012,4.463
2023-01-31,30324.817,18223.592,8074.486,19622.153,9183.678,7350.417,39865.956,30020.119,11992.995,10043.587,20000.0,8955.107,2000.0,8000.0,6025.054,18000.0,3000.0,11073.567,10023.499,20051.079,5994.397,3997.628,0.893,2.234,1.34,2.68,3.797,4.244,0.0,4.467
2023-02-01,30307.022,18212.651,8101.159,19805.151,9234.106,7410.5,39876.373,30004.473,12003.428,10351.906,20000.0,8952.975,2000.0,8000.0,6041.485,18000.0,3000.0,11077.082,10024.704,20054.38,5994.982,3998.011,0.894,2.236,1.342,2.683,3.801,4.249,0.003,4.472
2023-02-02,30363.458,18285.396,8082.835,19656.034,9240.912,7403.087,39876.44,30035.225,12023.536,10276.01,20000.0,8950.843,2000.0,8000.0,6049.734,18000.0,3000.0,11080.599,10025.91,20057.693,5995.587,3998.403,0.895,2.238,1.343,2.686,3.805,4.253,0.0,4.477
2023-02-03,30356.331,18292.671,8071.814,19597.721,9180.079,7545.149,39900.314,30026.255,12035.132,10272.712,20000.0,8948.712,2000.0,8000.0,6055.245,18000.0,3000.0,11084.116,10027.109,20060.929,5996.115,3998.751,0.896,2.241,1.344,2.689,3.809,4.258,0.009,4.482
2023-02-06,30344.568,18274.254,8070.591,19607.882,9109.972,7490.158,39935.061,30053.66,12048.869,10050.172,20000.0,8946.581,2000.0,8000.0,6049.285,18000.0,3000.0,11087.635,10028.296,20064.014,5996.542,3999.005,0.899,2.248,1.349,2.698,3.821,4.271,0.019,4.496
2023-02-07,30444.058,18228.745,8068.217,19509.152,9134.907,7563.749,39943.303,30090.751,12039.97,10062.237,20000.0,8944.451,2000.0,8000.0,6040.73,18000.0,3000.0,11091.155,10029.475,20067.114,5996.904,3999.218,0.9,2.25,1.35,2.7,3.826,4.276,0.023,4.501
2023-02-08,30444.877,18214.839,8061.506,19557.215,9091.446,7560.081,39988.797,30132.492,12053.569,9939.097,20000.0,8942.322,2000.0,8000.0,6031.638,18000.0,3000.0,11094.676,10030.682,20070.429,5997.509,3999.611,0.901,2.253,1.352,2.703,3.83,4.28,0.0,4.505
2023-02-09,30432.345,18198.63,8043.015,19595.441,9133.388,7547.429,40021.913,30175.047,12037.294,9917.215,20000.0,8940.192,2000.0,8000.0,6043.215,18000.0,3000.0,11098.198,10031.888,20073.74,5998.11,4000.001,0.902,2.255,1.353,2.706,3.834,4.285,0.001,4.51
2023-02-10,30450.628,18169.073,8041.797,19630.608,9237.166,7594.524,40011.866,30175.466,12046.828,10079.346,20000.0,8938.064,2000.0,8000.0,6026.053,18000.0,3000.0,11101.721,10033.088,20076.997,5998.636,4000.34,0.903,2.257,1.354,2.709,3.838,4.289,0.009,4.515
2023-02-13,30467.421,18234.737,8045.593,19619.877,9244.835,7693.043,39979.462,30190.794,12029.669,10291.029,20000.0,8935.936,2000.0,8000.0,6016.139,18000.0,3000.0,11105.246,10034.275,20080.124,5999.094,4000.618,0.906,2.265,1.359,2.717,3.85,4.303,0.018,4.529
2023-02-14,30528.299,18186.978,8048.65,19646.178,9243.422,7754.913,39984.032,30193.348,12029.422,10388.313,20000.0,8933.808,2000.0,8000.0,6011.713,18000.0,3000.0,11108.771,10035.478,20083.395,5999.658,4000.991,0.907,2.267,1.36,2.72,3.854,4.307,0.006,4.534
2023-02-15,30555.507,18157.624,8022.087,19706.108,9265.012,7798.631,39989.476,30228.177,12040.757,10439.565,20000.0,8931.681,2000.0,8000.0,6012.39,18000.0,3000.0,11112.298,10036.68,20086.645,6000.194,4001.349,0.908,2.269,1.362,2.723,3.858,4.312,0.008,4.539
2023-02-16,30484.454,18146.342,7996.095,19706.806,9207.609,7723.064,39984.774,30250.254,12031.896,10198.157,20000.0,8929.554,2000.0,8000.0,6014.44,18000.0,3000.0,11115.825,10037.885,20089.934,6000.773,4001.727,0.909,2.272,1.363,2.726,3.862,4.316,0.004,4.543
2023-02-17,30404.677,18101.333,7983.196,19731.664,9216.068,7679.247,39994.598,30277.428,12038.083,10020.405,20000.0,8927.428,2000.0,8000.0,6022.401,18000.0,3000.0,11119.354,10039.091,20093.235,6001.361,4002.109,0.91,2.274,1.364,2.729,3.866,4.321,0.003,4.548
2023-02-20,30399.794,18079.917,7967.562,19698.592,9196.562,7646.409,39993.242,30289.16,12042.276,9889.612,20000.0,8925.303,2000.0,8000.0,6027.872,18000.0,3000.0,11122.884,10040.263,20096.251,6001.612,4002.32,0.912,2.281,1.369,2.737,3.878,4.334,0.024,4.562
2023-02-21,30398.123,18070.647,7982.691,19671.567,9186.616,7570.531,39960.985,30295.364,12045.822,9819.788,20000.0,8923.178,2000.0,8000.0,6038.548,18000.0,3000.0,11126.415,10041.45,20099.362,6002.006,4002.582,0.913,2.283,1.37,2.74,3.882,4.339,0.02,4.567
2023-02-22,30456.603,18051.757,7960.345,19585.846,9171.534,7578.236,39880.847,30304.671,12026.757,9830.375,20000.0,8921.053,2000.0,8000.0,6029.435,18000.0,3000.0,11129.947,10042.628,20102.377,6002.317,4002.811,0.914,2.286,1.372,2.743,3.886,4.343,0.026,4.572
2023-02-23,30480.889,18008.078,7946.682,19448.514,9147.363,7599.801,39928.313,30311.666,12043.435,9604.916,20000.0,8918.929,2000.0,8000.0,6042.451,18000.0,3000.0,11133.481,10043.771,20104.971,6002.162,4002.822,0.915,2.288,1.373,2.746,3.89,4.348,0.041,4.576
2023-02-24,30486.839,17996.473,7926.812,19474.719,9037.042,7640.324,39903.666,30314.839,12010.546,9602.093,20000.0,8916.806,2000.0,8000.0,6048.726,18000.0,3000.0,11137.015,10044.921,20107.782,6002.147,4002.948,0.916,2.291,1.374,2.749,3.894,4.352,0.037,4.581
2023-02-27,30519.141,17969.997,7914.611,19458.398,9096.967,7598.033,39840.775,30334.407,12028.002,9615.998,20000.0,8914.682,2000.0,8000.0,6036.168,18000.0,3000.0,11140.551,10046.066,20110.444,6002.191,4002.994,0.919,2.298,1.379,2.757,3.906,4.366,0.039,4.595
2023-02-28,30557.822,18073.633,7905.434,19583.245,9036.328,7682.325,39827.22,30324.479,12044.162,9913.305,20000.0,8912.56,2000.0,8000.0,6038.85,18000.0,3000.0,11144.087,10047.204,20113.153,6002.103,4003.006,0.92,2.3,1.38,2.76,3.91,4.37,0.044,4.6
2023-03-01,30602.66,18004.022,7920.55,19655.932,8989.326,7617.23,39747.368,30341.83,12035.191,9938.102,20000.0,8910.438,2000.0,8000.0,6035.583,18000.0,3000.0,11147.625,10048.339,20115.819,6002.018,4002.996,0.921,2.302,1.381,2.763,3.914,4.375,0.047,4.605
2023-03-02,30521.086,17952.192,7932.314,19552.916,8947.431,7630.636,39809.097,30336.723,12051.212,9635.138,20000.0,8908.316,2000.0,8000.0,6052.748,18000.0,3000.0,11151.164,10049.506,20118.622,6002.177,4003.121,0.922,2.305,1.383,2.766,3.918,4.379,0.034,4.61
2023-03-03,30527.851,17969.559,7944.971,19632.733,8919.672,7642.504,39815.506,30323.699,12060.894,9741.237,20000.0,8906.195,2000.0,8000.0,6055.537,18000.0,3000.0,11154.704,10050.67,20121.403,6002.215,4003.183,0.923,2.307,1.384,2.769,3.922,4.384,0.039,4.614
2023-03-06,30551.97,17941.13,7927.08,19568.046,8971.152,7737.476,39811.11,30309.051,12077.197,9816.892,20000.0,8904.075,2000.0,8000.0,6063.225,18000.0,3000.0,11158.245,10051.77,20123.547,6001.714,4002.867,0.926,2.314,1.389,2.777,3.934,4.397,0.058,4.629
2023-03-07,30573.147,17952.82,7943.758,19689.408,9020.338,7723.178,39898.085,30306.167,12060.165,9969.791,20000.0,8901.955,2000.0,8000.0,6071.727,18000.0,3000.0,11161.788,10052.926,20126.309,6001.573,4002.904,0.927,2.317,1.39,2.78,3.938,4.402,0.04,4.633
2023-03-08,30588.699,18034.518,7954.268,19620.807,9007.002,7760.857,39926.661,30301.32,12042.321,10028.328,20000.0,8899.835,2000.0,8000.0,6066.982,18000.0,3000.0,11165.331,10054.031,20128.699,6001.13,4002.675,0.928,2.319,1.391,2.783,3.942,4.406,0.053,4.638
2023-03-09,30582.334,18031.505,7972.88,19611.965,9023.549,7729.872,39931.916,30294.55,12042.12,10021.173,20000.0,8897.716,2000.0,8000.0,6066.494,18000.0,3000.0,11168.876,10055.15,20130.854,6000.586,4002.463,0.929,2.321,1.393,2.786,3.946,4.411,0.056,4.643
2023-03-10,30596.718,18046.219,7996.301,19758.135,9058.207,7842.891,39924.985,30295.472,12056.985,10365.596,20000.0,8895.598,2000.0,8000.0,6067.744,18000.0,3000.0,11172.421,10056.272,20133.498,6000.416,4002.463,0.93,2.324,1.394,2.789,3.95,4.415,0.049,4.648
2023-03-13,30586.15,18029.171,8005.552,19624.971,9035.62,7781.66,39927.532,30281.528,12068.639,10121.516,20000.0,8893.48,2000.0,8000.0,6053.602,18000.0,3000.0,11175.968,10057.33,20135.347,5999.396,4001.983,0.932,2.331,1.399,2.797,3.962,4.429,0.074,4.662
2023-03-14,30598.788,18073.597,7988.722,19731.868,8995.942,7740.619,39916.469,30259.346,12070.663,10224.164,20000.0,8891.362,2000.0,8000.0,6052.953,18000.0,3000.0,11179.516,10058.392,20137.174,5998.044,4001.425,0.933,2.333,1.4,2.8,3.967,4.433,0.081,4.666
2023-03-15,30631.013,18076.231,8017.505,19656.877,9030.257,7853.212,39978.964,30252.988,12070.895,10309.907,20000.0,8889.245,2000.0,8000.0,6053.838,18000.0,3000.0,11183.065,10059.502,20139.312,5997.429,4000.928,0.934,2.336,1.401,2.803,3.971,4.438,0.064,4.671
2023-03-16,30608.853,18020.042,8012.509,19646.749,9068.638,7821.439,39931.338,30242.899,12081.856,10277.64,20000.0,8887.129,2000.0,8000.0,6056.016,18000.0,3000.0,11186.615,10060.617,20141.489,5996.739,4000.66,0.935,2.338,1.403,2.806,3.975,4.442,0.064,4.676
2023-03-17,30659.367,18030.859,7996.603,19765.288,9129.254,7808.779,39939.228,30251.097,12061.264,10502.917,20000.0,8885.013,2000.0,8000.0,6059.2,18000.0,3000.0,11190.167,10061.68,20143.288,5996.127,4000.372,0.936,2.34,1.404,2.808,3.979,4.447,0.07,4.681
2023-03-20,30574.552,18038.262,8031.24,19714.333,9075.788,7832.419,39924.923,30246.077,12086.975,10391.879,20000.0,8882.897,2000.0,8000.0,6072.439,18000.0,3000.0,11193.719,10062.757,20145.298,5995.401,4000.005,0.939,2.347,1.408,2.817,3.991,4.46,0.067,4.695
2023-03-21,30644.872,18027.186,8026.54,19815.131,9074.555,7784.996,39885.407,30248.794,12063.423,10551.975,20000.0,8880.782,2000.0,8000.0,6059.83,18000.0,3000.0,11197.273,10063.824,20147.201,5994.634,3999.642,0.94,2.35,1.41,2.82,3.995,4.465,0.074,4.7
2023-03-22,30597.668,18054.351,8008.77,19935.784,9058.453,7804.485,39973.078,30241.972,12072.811,10552.497,20000.0,8878.668,2000.0,8000.0,6058.687,18000.0,3000.0,11200.827,10064.921,20148.903,5993.975,3999.437,0.941,2.352,1.411,2.823,3.999,4.469,0.071,4.704
2023-03-23,30670.196,18053.987,8034.897,20008.946,9041.454,7804.703,39944.938,30262.124,12054.332,10737.248,20000.0,8876.554,2000.0,8000.0,6056.629,18000.0,3000.0,11204.383,10065.961,20150.565,5993.023,3999.002,0.942,2.355,1.413,2.825,4.003,4.474,0.077,4.709
2023-03-24,30699.411,18098.312,8039.321,20062.759,9017.461,7844.546,39842.536,30264.529,12034.93,11007.663,20000.0,8874.44,2000.0,8000.0,6054.348,18000.0,3000.0,11207.94,10066.95,20151.371,5991.671,3998.195,0.943,2.357,1.414,2.828,4.007,4.478,0.092,4.714
2023-03-27,30725.278,18053.48,8025.009,20144.541,8968.451,7814.136,39849.215,30283.686,12017.855,10987.447,20000.0,8872.327,2000.0,8000.0,6068.137,18000.0,3000.0,11211.498,10067.999,20153.062,5990.573,3997.619,0.946,2.364,1.418,2.837,4.019,4.492,0.079,4.728
2023-03-28,30758.994,18134.404,8046.397,20125.369,8874.568,7769.681,39877.06,30263.196,12040.075,10931.774,20000.0,8870.215,2000.0,8000.0,6057.851,18000.0,3000.0,11215.057,10069.054,20154.926,5989.726,3997.185,0.947,2.366,1.42,2.84,4.023,4.496,0.079,4.733
2023-03-29,30761.567,18070.689,8032.83,20257.687,8857.617,7681.302,39817.523,30275.982,12030.567,10939.76,20000.0,8868.103,2000.0,8000.0,6051.627,18000.0,3000.0,11218.618,10070.14,20157.111,5989.025,3996.716,0.948,2.369,1.421,2.843,4.027,4.501,0.07,4.738
2023-03-30,30734.135,18024.598,8011.372,20292.464,8806.784,7695.416,39781.316,30273.596,12028.737,10891.943,20000.0,8865.992,2000.0,8000.0,6054.636,18000.0,3000.0,11222.179,10071.239,20158.939,5988.632,3996.34,0.948,2.371,1.423,2.845,4.031,4.505,0.07,4.742
2023-03-31,30742.228,18032.261,8023.368,20399.681,8853.416,7608.573,39782.823,30263.106,12021.767,11006.891,20000.0,8863.881,2000.0,8000.0,6053.197,18000.0,3000.0,11225.742,10072.364,20161.588,5988.449,3996.384,0.949,2.374,1.424,2.848,4.035,4.51,0.054,4.747
2023-04-03,30718.858,18118.413,8007.476,20487.554,8869.226,7583.144,39831.269,30251.122,12044.218,11092.907,20000.0,8861.77,2000.0,8000.0,6067.309,18000.0,3000.0,11229.305,10073.504,20164.319,5988.369,3996.377,0.952,2.381,1.428,2.857,4.047,4.523,0.048,4.761
2023-04-04,30765.086,18084.738,8004.986,20375.356,8940.348,7622.716,39884.282,30245.105,12044.584,11056.861,20000.0,8859.66,2000.0,8000.0,6064.394,18000.0,3000.0,11232.87,10074.655,20167.161,5988.447,3996.415,0.953,2.383,1.43,2.86,4.051,4.528,0.048,4.766
2023-04-05,30781.882,18131.647,8001.041,20364.626,8920.029,7661.644,39942.344,30221.303,12040.411,11107.212,20000.0,8857.551,2000.0,8000.0,6071.516,18000.0,3000.0,11236.436,10075.781,20169.562,5988.148,3996.293,0.954,2.385,1.431,2.862,4.055,4.532,0.06,4.771
2023-04-06,30741.025,18176.859,8015.129,20445.88,8878.981,7613.573,39957.19,30225.748,12042.472,11104.339,20000.0,8855.442,2000.0,8000.0,6073.74,18000.0,3000.0,11240.003,10076.869,20172.148,5987.362,3996.071,0.955,2.388,1.433,2.865,4.059,4.537,0.074,4.775
2023-04-07,30753.589,18169.561,8007.22,20381.662,8877.482,7598.101,39966.466,30224.972,12050.668,11024.603,20000.0,8853.333,2000.0,8000.0,6088.856,18000.0,3000.0,11243.572,10077.995,20174.676,5987.223,3996.041,0.956,2.39,1.434,2.868,4.063,4.541,0.056,4.78
2023-04-10,30745.506,18219.938,8001.761,20411.565,8869.151,7517.77,39988.38,30232.693,12048.665,10988.936,20000.0,8851.226,2000.0,8000.0,6097.066,18000.0,3000.0,11247.141,10079.163,20177.582,5987.287,3996.174,0.959,2.397,1.438,2.877,4.075,4.555,0.047,4.794
2023-04-11,30852.327,18193.645,7947.429,20400.78,8898.246,7530.416,40021.443,30256.375,12034.764,11015.8,20000.0,8849.118,2000.0,8000.0,6103.947,18000.0,3000.0,11250.712,10080.301,20180.268,5986.888,3996.009,0.96,2.4,1.44,2.88,4.079,4.559,0.057,4.799
2023-04-12,30861.587,18198.768,7956.712,20464.627,8884.781,7505.163,40058.965,30254.069,12040.463,11035.578,20000.0,8847.011,2000.0,8000.0,6110.165,18000.0,3000.0,11254.283,10081.494,20183.456,5987.222,3996.298,0.961,2.402,1.441,2.882,4.083,4.564,0.033,4.804
2023-04-13,30803.092,18176.894,7938.934,20450.275,8864.687,7461.38,40062.793,30264.671,12042.551,10845.996,20000.0,8844.905,2000.0,8000.0,6107.797,18000.0,3000.0,11257.856,10082.69,20186.655,5987.628,3996.568,0.962,2.404,1.443,2.885,4.087,4.568,0.032,4.809
2023-04-14,30825.972,18164.413,7945.93,20462.119,8933.11,7416.189,40059.073,30268.993,12035.905,10928.231,20000.0,8842.799,2000.0,8000.0,6125.838,18000.0,3000.0,11261.43,10083.879,20189.81,5987.987,3996.786,0.963,2.407,1.444,2.888,4.091,4.573,0.035,4.813
2023-04-17,30838.553,18211.467,7963.996,20482.549,8947.622,7369.858,39980.968,30260.629,12008.134,11122.428,20000.0,8840.693,2000.0,8000.0,6133.803,18000.0,3000.0,11265.005,10085.021,20192.441,5988.027,3996.717,0.966,2.414,1.448,2.897,4.103,4.586,0.054,4.828
2023-04-18,30902.68,18156.932,7971.826,20550.874,8917.761,7325.126,39983.88,30240.464,11994.585,11162.854,20000.0,8838.588,2000.0,8000.0,6126.591,18000.0,3000.0,11268.581,10086.132,20194.828,5987.589,3996.674,0.966,2.416,1.45,2.899,4.108,4.591,0.063,4.832
2023-04-19,30906.411,18200.116,7972.969,20603.458,8972.322,7333.87,39992.3,30250.131,12010.708,11309.783,20000.0,8836.484,2000.0,8000.0,6138.102,18000.0,3000.0,11272.159,10087.253,20197.298,5987.236,3996.564,0.967,2.419,1.451,2.902,4.112,4.595,0.059,4.837
2023-04-20,30832.003,18205.763,7970.732,20756.949,8894.455,7310.448,40075.04,30236.01,11979.81,11262.879,20000.0,8834.38,2000.0,8000.0,6142.031,18000.0,3000.0,11275.737,10088.395,20199.964,5987.152,3996.658,0.968,2.421,1.453,2.905,4.116,4.6,0.054,4.842
2023-04-21,30763.866,18180.705,7978.542,20839.288,8865.163,7280.656,40009.306,30268.523,11976.256,11238.603,20000.0,8832.277,2000.0,8000.0,6137.428,18000.0,3000.0,11279.317,10089.551,20202.627,5987.239,3996.737,0.969,2.423,1.454,2.908,4.12,4.604,0.052,4.847
2023-04-24,30768.831,18159.313,7988.901,20857.213,8915.825,7280.429,39963.229,30272.08,11966.775,11365.222,20000.0,8830.174,2000.0,8000.0,6144.07,18000.0,3000.0,11282.897,10090.635,20204.786,5986.725,3996.332,0.972,2.43,1.458,2.916,4.132,4.618,0.072,4.861
2023-04-25,30814.158,18145.878,7977.7,20846.955,8987.836,7373.732,39968.756,30279.643,11980.977,11531.393,20000.0,8828.071,2000.0,8000.0,6156.102,18000.0,3000.0,11286.479,10091.747,20206.836,5986.278,3996.228,0.973,2.433,1.46,2.919,4.136,4.622,0.065,4.866
2023-04-26,30805.384,18192.355,7991.283,20971.715,9033.449,7352.767,40017.562,30287.366,11963.308,11695.177,20000.0,8825.969,2000.0,8000.0,6152.367,18000.0,3000.0,11290.062,10092.873,20209.35,5986.1,3996.082,0.974,2.435,1.461,2.922,4.14,4.627,0.06,4.87
2023-04-27,30766.801,18123.777,8001.856,20882.981,9039.496,7314.038,39977.951,30304.352,11980.686,11495.835,20000.0,8823.868,2000.0,8000.0,6160.097,18000.0,3000.0,11293.646,10093.987,20211.806,5985.651,3995.89,0.975,2.438,1.463,2.925,4.144,4.631,0.065,4.875
2023-04-28,30773.59,18074.15,8003.254,20913.5,9036.354,7330.121,40028.126,30287.956,11960.513,11481.86,20000.0,8821.767,2000.0,8000.0,6152.021,18000.0,3000.0,11297.232,10095.109,20214.199,5985.063,3995.704,0.976,2.44,1.464,2.928,4.148,4.636,0.062,4.88
2023-05-01,30744.77,18192.937,8015.553,21047.647,9096.091,7248.504,40091.828,30312.094,11969.337,11611.496,20000.0,8819.667,2000.0,8000.0,6158.101,18000.0,3000.0,11300.818,10096.241,20216.713,5984.91,3995.509,0.979,2.447,1.468,2.936,4.16,4.649,0.06,4.894
2023-05-02,30761.27,18216.922,7997.75,21211.005,9089.922,7304.418,40122.447,30289.382,11977.991,11843.887,20000.0,8817.567,2000.0,8000.0,6165.58,18000.0,3000.0,11304.406,10097.42,20219.67,5985.006,3995.645,0.98,2.449,1.47,2.939,4.164,4.654,0.046,4.899
2023-05-03,30792.44,18177.117,7981.685,21132.272,9079.678,7222.131,40073.652,30298.06,11980.32,11678.076,20000.0,8815.467,2000.0,8000.0,6152.258,18000.0,3000.0,11307.994,10098.578,20222.433,5985.128,3995.708,0.981,2.452,1.471,2.942,4.168,4.658,0.048,4.903
2023-05-04,30839.191,18125.423,7952.781,21190.154,9055.425,7162.613,40090.6,30292.321,11969.595,11641.908,20000.0,8813.368,2000.0,8000.0,6170.62,18000.0,3000.0,11311.584,10099.749,20225.447,5985.172,3995.884,0.982,2.454,1.472,2.945,4.172,4.663,0.045,4.908
2023-05-05,30864.123,18065.478,7964.403,21279.836,9061.394,7196.273,40024.734,30318.639,11979.154,11788.55,20000.0,8811.27,2000.0,8000.0,6175.664,18000.0,3000.0,11315.175,10100.887,20228.076,5985.12,3995.873,0.983,2.456,1.474,2.948,4.176,4.667,0.061,4.913
2023-05-08,30824.559,18136.625,7955.9,21315.03,9029.727,7128.542,40012.685,30317.114,11985.801,11740.082,20000.0,8809.172,2000.0,8000.0,6155.704,18000.0,3000.0,11318.767,10101.989,20230.334,5984.601,3995.72,0.985,2.464,1.478,2.956,4.188,4.681,0.069,4.927
2023-05-09,30791.643,18124.752,7939.076,21324.936,9053.455,7069.733,40021.696,30347.453,11977.623,11646.422,20000.0,8807.075,2000.0,8000.0,6174.313,18000.0,3000.0,11322.361,10103.09,20232.494,5983.965,3995.581,0.986,2.466,1.48,2.959,4.192,4.685,0.067,4.932
2023-05-10,30784.478,18152.297,7937.019,21271.444,9091.578,7130.197,39986.195,30365.668,11986.111,11709.605,20000.0,8804.978,2000.0,8000.0,6159.589,18000.0,3000.0,11325.955,10104.158,20234.829,5983.289,3995.28,0.987,2.468,1.481,2.962,4.196,4.69,0.074,4.937
2023-05-11,30828.49,18120.03,7953.487,21213.59,9141.831,7086.89,40026.029,30391.197,11971.019,11648.023,20000.0,8802.881,2000.0,8000.0,6165.279,18000.0,3000.0,11329.55,10105.31,20237.365,5982.999,3995.083,0.988,2.471,1.482,2.965,4.2,4.694,0.068,4.941
2023-05-12,30804.728,18076.493,7943.999,21273.864,9089.855,6992.257,40004.294,30381.788,11985.257,11506.885,20000.0,8800.785,2000.0,8000.0,6164.666,18000.0,3000.0,11333.147,10106.398,20239.487,5982.439,3994.786,0.989,2.473,1.484,2.968,4.204,4.699,0.079,4.946
2023-05-15,30848.856,18124.638,7944.651,21179.124,9157.477,7033.523,39995.692,30377.955,11977.276,11645.213,20000.0,8798.69,2000.0,8000.0,6169.812,18000.0,3000.0,11336.745,10107.473,20241.521,5981.787,3994.462,0.992,2.48,1.488,2.976,4.216,4.712,0.076,4.96
2023-05-16,30820.128,18135.962,7968.825,21172.666,9101.002,6904.942,40052.405,30350.929,11988.605,11430.812,20000.0,8796.595,2000.0,8000.0,6175.477,18000.0,3000.0,11340.344,10108.566,20243.647,5980.989,3993.997,0.993,2.483,1.49,2.979,4.22,4.717,0.081,4.965
2023-05-17,30835.689,18109.344,7972.088,21167.161,9109.695,6876.344,40029.088,30364.078,11965.684,11442.761,20000.0,8794.501,2000.0,8000.0,6181.847,18000.0,3000.0,11343.944,10109.709,20245.999,5981.098,3993.957,0.994,2.485,1.491,2.982,4.224,4.721,0.062,4.97
2023-05-18,30934.296,18175.26,7987.464,21194.966,9149.365,6860.97,40075.805,30348.968,11961.958,11638.522,20000.0,8792.407,2000.0,8000.0,6167.793,18000.0,3000.0,11347.545,10110.833,20248.609,5980.6,3993.777,0.995,2.487,1.492,2.985,4.228,4.726,0.066,4.975
2023-05-19,30908.187,18179.939,8003.837,21270.276,9192.704,6833.924,40035.027,30359.545,11976.879,11749.64,20000.0,8790.313,2000.0,8000.0,6171.389,18000.0,3000.0,11351.148,10112.002,20251.53,5980.845,3993.98,0.996,2.49,1.494,2.988,4.232,4.73,0.045,4.979
2023-05-22,30965.386,18143.53,8026.796,21256.297,9174.48,6810.319,39960.549,30374.472,11960.898,11818.953,20000.0,8788.22,2000.0,8000.0,6171.532,18000.0,3000.0,11354.751,10113.235,20255.038,5981.578,3994.453,0.999,2.497,1.498,2.996,4.244,4.744,0.023,4.994
2023-05-23,30965.07,18159.121,8027.576,21298.664,9182.979,6864.472,40008.731,30356.519,11977.435,11888.099,20000.0,8786.128,2000.0,8000.0,6160.674,18000.0,3000.0,11358.356,10114.461,20258.462,5982.278,3994.925,1.0,2.499,1.499,2.999,4.249,4.748,0.025,4.998
2023-05-24,30977.385,18176.669,7999.066,21182.69,9182.138,6881.843,40036.652,30326.413,11974.497,11798.366,20000.0,8784.036,2000.0,8000.0,6158.213,18000.0,3000.0,11361.962,10115.7,20262.033,5983.1,3995.432,1.001,2.501,1.501,3.002,4.253,4.753,0.019,5.003
2023-05-25,30962.332,18130.23,8004.529,21220.172,9233.884,6820.849,40016.621,30326.57,11986.167,11792.752,20000.0,8781.944,2000.0,8000.0,6166.489,18000.0,3000.0,11365.569,10116.921,20265.434,5983.727,3995.849,1.002,2.504,1.502,3.005,4.257,4.757,0.027,5.008
2023-05-26,30906.394,18067.859,8003.831,21188.267,9104.344,6945.692,40023.729,30328.088,11998.12,11627.438,20000.0,8779.854,2000.0,8000.0,6171.663,18000.0,3000.0,11369.177,10118.048,20268.202,5983.587,3995.828,1.002,2.506,1.504,3.007,4.261,4.762,0.059,5.012
2023-05-29,30933.455,18071.122,7994.139,21179.932,9183.203,6869.207,40073.415,30318.546,12006.896,11599.266,20000.0,8777.763,2000.0,8000.0,6172.042,18000.0,3000.0,11372.786,10119.222,20271.087,5983.723,3995.983,1.005,2.513,1.508,3.016,4.273,4.775,0.049,5.027
2023-05-30,30853.001,18091.939,7973.208,21154.557,9210.259,6896.034,40104.21,30338.233,12014.621,11485.422,20000.0,8775.673,2000.0,8000.0,6162.766,18000.0,3000.0,11376.396,10120.41,20274.131,5983.929,3996.165,1.006,2.516,1.509,3.019,4.277,4.78,0.043,5.031
2023-05-31,30867.885,18076.004,7969.984,21230.388,9315.413,7072.647,40150.003,30347.574,12008.861,11782.317,20000.0,8773.584,2000.0,8000.0,6150.011,18000.0,3000.0,11380.008,10121.611,20277.078,5984.094,3996.214,1.007,2.518,1.511,3.022,4.281,4.784,0.048,5.036
2023-06-01,30860.975,17961.966,7965.382,21238.869,9363.765,7106.249,40196.614,30366.086,12010.011,11687.574,20000.0,8771.495,2000.0,8000.0,6150.952,18000.0,3000.0,11383.621,10122.782,20279.955,5983.924,3996.197,1.008,2.52,1.512,3.025,4.285,4.789,0.056,5.041
2023-06-02,30864.689,17947.698,8000.768,21195.708,9326.358,7149.29,40194.091,30368.679,12007.077,11676.47,20000.0,8769.406,2000.0,8000.0,6143.976,18000.0,3000.0,11387.235,10123.954,20282.606,5983.906,3996.105,1.009,2.523,1.514,3.027,4.289,4.793,0.054,5.046
2023-06-05,30899.944,17886.361,8003.305,21190.622,9376.795,7150.941,40189.674,30378.853,12021.796,11675.928,20000.0,8767.318,2000.0,8000.0,6134.751,18000.0,3000.0,11390.85,10125.12,20285.391,5984.008,3996.266,1.012,2.53,1.518,3.036,4.301,4.807,0.053,5.06
2023-06-06,30918.874,17889.283,8025.298,21146.752,9382.617,7177.933,40237.224,30373.358,12051.745,11646.261,20000.0,8765.231,2000.0,8000.0,6138.596,18000.0,3000.0,11394.466,10126.264,20287.983,5983.838,3996.244,1.013,2.532,1.519,3.039,4.305,4.811,0.062,5.065
2023-06-07,30982.826,17913.672,8003.407,21085.0,9379.334,7218.858,40277.862,30378.669,12056.288,11667.948,20000.0,8763.144,2000.0,8000.0,6162.731,18000.0,3000.0,11398.083,10127.379,20290.255,5983.565,3996.03,1.014,2.535,1.521,3.042,4.309,4.816,0.068,5.069
2023-06-08,30975.857,17849.723,8005.248,21222.981,9332.493,7254.732,40300.035,30387.767,12057.469,11707.447,20000.0,8761.057,2000.0,8000.0,6171.042,18000.0,3000.0,11401.701,10128.527,20292.992,5983.566,3996.021,1.015,2.537,1.522,3.044,4.313,4.82,0.055,5.074
2023-06-09,30990.611,17873.251,7992.465,21147.193,9345.444,7256.494,40331.943,30392.148,12045.185,11653.462,20000.0,8758.971,2000.0,8000.0,6170.931,18000.0,3000.0,11405.321,10129.679,20295.868,5983.735,3996.151,1.016,2.539,1.524,3.047,4.317,4.825,0.054,5.079
2023-06-12,31036.502,17820.808,7979.046,21017.884,9378.201,7283.321,40300.242,30371.868,12037.481,11626.159,20000.0,8756.886,2000.0,8000.0,6167.931,18000.0,3000.0,11408.942,10130.829,20298.538,5983.795,3996.128,1.019,2.547,1.528,3.056,4.329,4.838,0.056,5.093
2023-06-13,31057.126,17857.446,7965.09,21039.512,9374.582,7367.874,40288.191,30362.69,12056.937,11785.176,20000.0,8754.801,2000.0,8000.0,6173.602,18000.0,3000.0,11412.564,10132.012,20301.606,5984.258,3996.389,1.02,2.549,1.529,3.059,4.333,4.843,0.044,5.098
2023-06-14,31117.65,17888.851,7987.1,21117.571,9302.04,7332.726,40252.281,30382.722,12077.773,11883.699,20000.0,8752.717,2000.0,8000.0,6187.067,18000.0,3000.0,11416.187,10133.19,20304.648,5984.46,3996.577,1.021,2.551,1.531,3.062,4.337,4.847,0.049,5.103
2023-06-15,31138.642,17800.154,7970.248,21127.226,9282.822,7277.105,40220.353,30381.061,12069.08,11781.779,20000.0,8750.633,2000.0,8000.0,6186.897,18000.0,3000.0,11419.811,10134.394,20307.783,5984.762,3996.925,1.021,2.554,1.532,3.064,4.341,4.852,0.041,5.107
2023-06-16,31138.03,17785.855,7963.694,21129.106,9273.667,7276.418,40233.132,30382.088,12056.023,11747.462,20000.0,8748.549,2000.0,8000.0,6177.047,18000.0,3000.0,11423.436,10135.567,20310.689,5984.777,3997.03,1.022,2.556,1.534,3.067,4.345,4.856,0.055,5.112
2023-06-19,31160.115,17861.925,7962.882,21135.756,9385.15,7270.853,40273.496,30367.648,12056.037,11943.247,20000.0,8746.466,2000.0,8000.0,6183.151,18000.0,3000.0,11427.063,10136.72,20313.147,5984.829,3997.047,1.025,2.563,1.538,3.076,4.357,4.87,0.058,5.126
2023-06-20,31117.593,17867.378,7981.743,21167.338,9327.637,7283.473,40263.781,30370.937,12045.602,11932.129,20000.0,8744.384,2000.0,8000.0,6180.979,18000.0,3000.0,11430.69,10137.856,20315.593,5984.79,3997.015,1.026,2.565,1.539,3.079,4.361,4.874,0.06,5.131
2023-06-21,31136.334,17858.285,7966.673,21116.324,9333.935,7282.457,40310.741,30358.739,12055.877,11822.924,20000.0,8742.302,2000.0,8000.0,6162.254,18000.0,3000.0,11434.319,10139.032,20318.463,5984.903,3997.076,1.027,2.568,1.541,3.081,4.365,4.879,0.053,5.136
2023-06-22,31083.044,17771.005,7940.926,21022.783,9306.197,7263.401,40343.106,30357.749,12070.955,11493.082,20000.0,8740.22,2000.0,8000.0,6179.807,18000.0,3000.0,11437.949,10140.21,20321.362,5985.071,3997.175,1.028,2.57,1.542,3.084,4.369,4.883,0.052,5.14
2023-06-23,31093.139,17738.94,7924.273,21018.684,9407.516,7286.019,40376.115,30342.548,12063.036,11579.135,20000.0,8738.139,2000.0,8000.0,6188.821,18000.0,3000.0,11441.58,10141.437,20324.735,5985.792,3997.647,1.029,2.573,1.544,3.087,4.373,4.888,0.029,5.145
2023-06-26,31083.557,17805.023,7943.148,20994.363,9485.367,7163.122,40342.151,30371.314,12059.115,11595.524,20000.0,8736.059,2000.0,8000.0,6184.369,18000.0,3000.0,11445.212,10142.685,20328.335,5986.646,3998.18,1.032,2.58,1.548,3.096,4.385,4.901,0.02,5.159
2023-06-27,31069.392,17770.279,7941.88,21024.649,9514.456,7226.759,40366.965,30400.364,12079.99,11598.457,20000.0,8733.979,2000.0,8000.0,6183.492,18000.0,3000.0,11448.846,10143.911,20331.759,5987.259,3998.584,1.033,2.582,1.549,3.098,4.39,4.906,0.031,5.164
2023-06-28,31004.098,17806.331,7922.534,20988.929,9538.258,7194.7,40286.74,30388.239,12055.246,11622.809,20000.0,8731.899,2000.0,8000.0,6177.604,18000.0,3000.0,11452.48,10145.17,20335.509,5988.259,3999.202,1.034,2.584,1.551,3.101,4.394,4.91,0.01,5.169
2023-06-29,30992.427,17821.866,7923.608,20969.396,9629.331,7176.035,40200.367,30388.089,12050.34,11774.316,20000.0,8729.82,2000.0,8000.0,6174.152,18000.0,3000.0,11456.116,10146.41,20338.968,5988.953,3999.67,1.035,2.587,1.552,3.104,4.398,4.915,0.027,5.174
2023-06-30,31023.789,17809.717,7925.514,20962.178,9629.604,7119.374,40217.579,30408.813,12067.191,11688.408,20000.0,8727.742,2000.0,8000.0,6179.804,18000.0,3000.0,11459.753,10147.669,20342.702,5989.948,4000.269,1.036,2.589,1.554,3.107,4.402,4.919,0.011,5.178
2023-07-03,30993.933,17814.696,7913.002,21012.516,9575.817,7106.256,40228.419,30406.669,12062.4,11627.259,20000.0,8725.663,2000.0,8000.0,6170.798,18000.0,3000.0,11463.391,10148.902,20346.135,5990.653,4000.712,1.039,2.596,1.558,3.116,4.414,4.933,0.028,5.193
2023-07-04,31002.94,17760.254,7933.062,21123.097,9561.024,7075.248,40290.104,30413.458,12074.417,11598.101,20000.0,8723.586,2000.0,8000.0,6177.012,18000.0,3000.0,11467.03,10150.141,20349.689,5991.46,4001.213,1.039,2.599,1.559,3.118,4.418,4.937,0.022,5.197
2023-07-05,31023.974,17727.351,7919.111,20970.282,9687.331,7012.069,40294.226,30434.876,12073.531,11464.318,20000.0,8721.509,2000.0,8000.0,6177.671,18000.0,3000.0,11470.67,10151.348,20352.934,5991.97,4001.432,1.04,2.601,1.561,3.121,4.422,4.942,0.037,5.202
2023-07-06,31008.436,17746.627,7922.288,21011.964,9672.59,6980.864,40269.903,30436.133,12053.92,11507.417,20000.0,8719.432,2000.0,8000.0,6169.725,18000.0,3000.0,11474.312,10152.547,20356.061,5992.417,4001.713,1.041,2.603,1.562,3.124,4.426,4.946,0.042,5.207
2023-07-07,30917.207,17674.495,7936.741,21025.284,9777.187,7045.228,40220.559,30421.188,12070.948,11600.922,20000.0,8717.356,2000.0,8000.0,6176.877,18000.0,3000.0,11477.955,10153.781,20359.547,5993.126,4002.195,1.042,2.606,1.563,3.127,4.43,4.951,0.027,5.212
2023-07-10,30937.603,17698.282,7952.834,21094.494,9811.339,7093.271,40214.94,30424.443,12068.285,11817.579,20000.0,8715.281,2000.0,8000.0,6171.106,18000.0,3000.0,11481.598,10154.981,20362.62,5993.334,4002.324,1.045,2.613,1.568,3.135,4.442,4.964,0.047,5.226
2023-07-11,30993.896,17790.648,7939.588,21220.548,9894.719,7177.07,40206.919,30402.261,12077.076,12271.156,20000.0,8713.206,2000.0,8000.0,6168.905,18000.0,3000.0,11485.243,10156.105,20364.845,5992.815,4002.152,1.046,2.615,1.569,3.138,4.446,4.969,0.066,5.23
2023-07-12,30985.326,17779.098,7943.321,21412.505,9867.201,7106.01,40189.167,30375.681,12099.404,12380.454,20000.0,8711.131,2000.0,8000.0,6173.487,18000.0,3000.0,11488.889,10157.239,20367.552,5992.596,4001.995,1.047,2.618,1.571,3.141,4.45,4.973,0.064,5.235
2023-07-13,30955.828,17784.074,7930.972,21500.095,9925.128,7155.765,40265.624,30387.949,12112.156,12455.991,20000.0,8709.057,2000.0,8000.0,6186.378,18000.0,3000.0,11492.537,10158.403,20370.309,5992.416,4001.877,1.048,2.62,1.572,3.144,4.454,4.978,0.06,5.24
2023-07-14,30969.69,17829.515,7930.836,21576.623,9952.737,7218.717,40230.343,30402.573,12090.543,12725.799,20000.0,8706.983,2000.0,8000.0,6181.938,18000.0,3000.0,11496.185,10159.568,20372.917,5992.466,4001.895,1.049,2.622,1.573,3.147,4.458,4.982,0.058,5.245
2023-07-17,30983.848,17781.154,7919.132,21579.604,10078.526,7262.16,40275.459,30374.296,12066.869,12861.213,20000.0,8704.91,2000.0,8000.0,6178.487,18000.0,3000.0,11499.835,10160.754,20376.003,5992.713,4002.047,1.052,2.629,1.578,3.155,4.47,4.996,0.047,5.259
2023-07-18,30884.827,17740.464,7923.621,21711.646,10124.218,7238.418,40259.833,30369.805,12052.093,12932.562,20000.0,8702.838,2000.0,8000.0,6190.452,18000.0,3000.0,11503.485,10161.899,20378.613,5992.523,4002.046,1.053,2.632,1.579,3.158,4.474,5.0,0.062,5.264
2023-07-19,30785.835,17738.821,7919.707,21663.227,10098.663,7195.617,40288.076,30363.519,12029.336,12728.938,20000.0,8700.766,2000.0,8000.0,6201.629,18000.0,3000.0,11507.137,10163.063,20381.52,5992.545,4002.104,1.054,2.634,1.581,3.161,4.478,5.005,0.055,5.268
2023-07-20,30767.012,17682.426,7927.535,21640.659,10183.854,7203.296,40296.186,30375.114,12038.487,12724.789,20000.0,8698.694,2000.0,8000.0,6217.698,18000.0,3000.0,11510.79,10164.249,20384.246,5992.66,4002.211,1.055,2.637,1.582,3.164,4.482,5.009,0.055,5.273
2023-07-21,30757.086,17690.776,7927.177,21583.293,10196.374,7262.791,40272.082,30380.491,12047.937,12760.741,20000.0,8696.623,2000.0,8000.0,6225.933,18000.0,3000.0,11514.445,10165.447,20387.329,5992.791,4002.42,1.056,2.639,1.583,3.167,4.486,5.014,0.046,5.278
2023-07-24,30761.308,17690.978,7961.395,21637.616,10163.274,7299.27,40245.111,30396.474,12035.135,12897.175,20000.0,8694.552,2000.0,8000.0,6236.506,18000.0,3000.0,11518.1,10166.666,20390.603,5993.344,4002.77,1.058,2.646,1.588,3.175,4.498,5.027,0.041,5.292
2023-07-25,30772.192,17748.098,7983.581,21640.953,10084.842,7294.48,40273.923,30392.629,12034.708,12884.883,20000.0,8692.482,2000.0,8000.0,6232.723,18000.0,3000.0,11521.757,10167.897,20394.029,5994.035,4003.2,1.059,2.648,1.589,3.178,4.502,5.032,0.029,5.297
2023-07-26,30786.532,17726.63,7981.26,21680.267,10088.963,7269.15,40259.485,30383.956,12034.106,12920.794,20000.0,8690.413,2000.0,8000.0,6230.537,18000.0,3000.0,11525.414,10169.071,20397.15,5994.149,4003.439,1.06,2.651,1.59,3.181,4.506,5.036,0.048,5.302
2023-07-27,30812.352,17654.52,7965.857,21665.915,10025.352,7194.612,40304.364,30381.784,12043.679,12643.212,20000.0,8688.343,2000.0,8000.0,6213.701,18000.0,3000.0,11529.073,10170.266,20400.222,5994.3,4003.679,1.061,2.653,1.592,3.184,4.51,5.041,0.048,5.306
2023-07-28,30772.505,17695.43,7980.711,21780.657,9997.996,7146.427,40318.335,30401.05,12024.272,12709.849,20000.0,8686.275,2000.0,8000.0,6233.32,18000.0,3000.0,11532.733,10171.409,20403.046,5994.291,4003.783,1.062,2.656,1.593,3.187,4.514,5.045,0.062,5.311
2023-07-31,30783.916,17743.341,7982.033,21752.582,10034.03,7147.595,40363.512,30405.814,12031.108,12735.343,20000.0,8684.207,2000.0,8000.0,6240.093,18000.0,3000.0,11536.394,10172.568,20405.681,5994.178,4003.662,1.065,2.663,1.598,3.195,4.526,5.059,0.062,5.325
2023-08-01,30696.045,17777.65,7951.045,21825.323,10008.668,7217.732,40368.444,30406.098,12024.664,12767.872,20000.0,8682.139,2000.0,8000.0,6232.696,18000.0,3000.0,11540.057,10173.732,20408.497,5994.331,4003.866,1.066,2.665,1.599,3.198,4.53,5.063,0.053,5.33
2023-08-02,30671.979,17794.592,7962.338,21762.084,10137.477,7190.907,40417.121,30405.486,12014.389,12779.228,20000.0,8680.072,2000.0,8000.0,6233.199,18000.0,3000.0,11543.72,10174.931,20411.447,5994.464,4003.966,1.066,2.665,1.599,3.198,4.53,5.063,0.05,5.33
2023-08-03,30636.524,17765.546,7975.231,21688.955,10111.065,7181.895,40363.121,30407.366,12020.005,12657.832,20000.0,8678.005,2000.0,8000.0,6219.729,18000.0,3000.0,11547.385,10176.133,20414.54,5994.852,4004.217,1.066,2.665,1.599,3.198,4.53,5.063,0.045,5.33
2023-08-04,30607.806,17762.46,7949.89,21668.573,10131.126,7256.995,40388.397,30408.874,12006.568,12667.892,20000.0,8675.939,2000.0,8000.0,6219.769,18000.0,3000.0,11551.051,10177.335,20417.652,5995.133,4004.424,1.066,2.665,1.599,3.198,4.53,5.063,0.047,5.33
2023-08-07,30633.572,17776.775,7942.139,21708.389,10119.092,7389.992,40362.992,30407.376,12011.824,12894.279,20000.0,8673.873,2000.0,8000.0,6225.667,18000.0,3000.0,11554.718,10178.545,20420.784,5995.37,4004.64,1.066,2.665,1.599,3.198,4.53,5.063,0.045,5.33
2023-08-08,30640.288,17770.916,7944.714,21735.86,10006.706,7528.915,40421.818,30404.357,12001.033,12921.408,20000.0,8671.808,2000.0,8000.0,6234.638,18000.0,3000.0,11558.386,10179.749,20424.028,5995.724,4004.937,1.066,2.665,1.599,3.198,4.53,5.063,0.043,5.33
2023-08-09,30568.325,17741.349,7935.939,21817.61,10065.942,7566.187,40448.163,30405.963,11985.517,12989.466,20000.0,8669.743,2000.0,8000.0,6241.444,18000.0,3000.0,11562.055,10180.983,20427.499,5996.423,4005.338,1.066,2.665,1.599,3.198,4.53,5.063,0.029,5.33
2023-08-10,30628.445,17692.275,7926.589,21796.624,10151.492,7544.473,40477.099,30420.103,11971.571,13021.985,20000.0,8667.679,2000.0,8000.0,6252.811,18000.0,3000.0,11565.726,10182.228,20431.061,5997.242,4005.826,1.066,2.665,1.599,3.198,4.53,5.063,0.024,5.33
2023-08-11,30635.598,17718.957,7942.153,21872.825,10070.193,7534.106,40538.311,30428.457,11982.715,12989.112,20000.0,8665.615,2000.0,8000.0,6260.982,18000.0,3000.0,11569.397,10183.402,20434.049,5997.364,4006.085,1.066,2.665,1.599,3.198,4.53,5.063,0.049,5.33
2023-08-14,30633.305,17735.452,7913.631,21820.493,10046.958,7510.846,40570.337,30445.708,11978.434,12831.489,20000.0,8663.552,2000.0,8000.0,6255.766,18000.0,3000.0,11573.07,10184.608,20437.33,5997.758,4006.329,1.066,2.665,1.599,3.198,4.53,5.063,0.043,5.33
2023-08-15,30559.81,17675.377,7914.93,21818.34,10021.823,7437.543,40660.421,30411.714,11977.315,12557.501,20000.0,8661.489,2000.0,8000.0,6263.872,18000.0,3000.0,11576.744,10185.831,20440.719,5998.449,4006.744,1.066,2.665,1.599,3.198,4.53,5.063,0.033,5.33
2023-08-16,30529.434,17687.674,7937.881,21710.297,10120.228,7452.006,40762.996,30397.71,11991.717,12461.167,20000.0,8659.427,2000.0,8000.0,6255.078,18000.0,3000.0,11580.419,10187.046,20443.945,5998.905,4006.994,1.066,2.665,1.599,3.198,4.53,5.063,0.041,5.33
2023-08-17,30473.477,17668.001,7921.668,21790.917,10154.233,7430.497,40705.087,30414.496,11995.666,12497.125,20000.0,8657.365,2000.0,8000.0,6246.851,18000.0,3000.0,11584.096,10188.194,20446.89,5999.032,4007.143,1.066,2.665,1.599,3.198,4.53,5.063,0.061,5.33
2023-08-18,30496.746,17674.936,7917.814,21804.044,10133.572,7407.5,40704.058,30407.078,11990.131,12507.298,20000.0,8655.304,2000.0,8000.0,6241.484,18000.0,3000.0,11587.773,10189.393,20450.088,5999.518,4007.549,1.066,2.665,1.599,3.198,4.53,5.063,0.043,5.33
2023-08-21,30432.688,17707.329,7932.274,21746.69,10043.178,7323.121,40663.766,30422.247,11972.368,12314.666,20000.0,8653.243,2000.0,8000.0,6249.558,18000.0,3000.0,11591.452,10190.608,20453.335,5999.915,4007.84,1.066,2.665,1.599,3.198,4.53,5.063,0.043,5.33
2023-08-22,30388.29,17710.166,7937.609,21704.446,10118.102,7273.942,40623.614,30429.918,11980.982,12278.234,20000.0,8651.183,2000.0,8000.0,6236.244,18000.0,3000.0,11595.132,10191.828,20456.634,6000.374,4008.159,1.066,2.665,1.599,3.198,4.53,5.063,0.038,5.33
2023-08-23,30394.211,17700.874,7931.003,21703.972,10144.244,7248.678,40586.364,30415.031,11991.96,12299.422,20000.0,8649.123,2000.0,8000.0,6220.105,18000.0,3000.0,11598.813,10193.084,20460.28,6001.301,4008.715,1.066,2.665,1.599,3.198,4.53,5.063,0.02,5.33
2023-08-24,30377.213,17708.401,7944.636,21744.486,10138.992,7266.309,40572.11,30422.063,12008.672,12351.132,20000.0,8647.064,2000.0,8000.0,6218.51,18000.0,3000.0,11602.495,10194.306,20463.668,6001.972,4009.104,1.066,2.665,1.599,3.198,4.53,5.063,0.035,5.33
2023-08-25,30364.237,17740.129,7942.351,21856.638,10151.938,7297.083,40577.324,30426.508,12001.96,12529.193,20000.0,8645.005,2000.0,8000.0,6221.435,18000.0,3000.0,11606.178,10195.524,20466.97,6002.476,4009.397,1.066,2.665,1.599,3.198,4.53,5.063,0.039,5.33
2023-08-28,30329.896,17704.18,7948.894,21875.959,10070.711,7245.227,40637.828,30407.228,12020.576,12296.894,20000.0,8642.947,2000.0,8000.0,6220.744,18000.0,3000.0,11609.863,10196.724,20470.177,6002.904,4009.707,1.066,2.665,1.599,3.198,4.53,5.063,0.043,5.33
2023-08-29,30331.074,17755.616,7954.261,21901.351,10091.302,7193.435,40727.396,30393.505,12008.742,12281.31,20000.0,8640.889,2000.0,8000.0,6211.254,18000.0,3000.0,11613.548,10197.947,20473.625,6003.525,4010.128,1.066,2.665,1.599,3.198,4.53,5.063,0.036,5.33
2023-08-30,30343.333,17789.978,7963.673,21985.073,10054.666,7235.968,40739.169,30405.901,12022.032,12388.491,20000.0,8638.831,2000.0,8000.0,6204.498,18000.0,3000.0,11617.235,10199.16,20476.763,6003.974,4010.37,1.066,2.665,1.599,3.198,4.53,5.063,0.045,5.33
2023-08-31,30362.77,17787.961,7964.419,22003.602,10033.958,7251.203,40789.018,30387.329,12030.195,12380.122,20000.0,8636.775,2000.0,8000.0,6198.603,18000.0,3000.0,11620.923,10200.377,20479.986,6004.412,4010.653,1.066,2.665,1.599,3.198,4.53,5.063,0.041,5.33
2023-09-01,30320.76,17811.376,7938.691,22003.333,10088.611,7145.001,40787.815,30395.502,12036.478,12275.06,20000.0,8634.718,2000.0,8000.0,6197.19,18000.0,3000.0,11624.612,10201.585,20483.21,6004.727,4010.887,1.066,2.665,1.599,3.198,4.53,5.063,0.042,5.33
2023-09-04,30396.093,17863.499,7923.78,21975.096,10104.214,7176.501,40789.462,30413.529,12033.117,12395.768,20000.0,8632.662,2000.0,8000.0,6197.054,18000.0,3000.0,11628.303,10202.822,20486.559,6005.445,4011.333,1.066,2.665,1.599,3.198,4.53,5.063,0.031,5.33
2023-09-05,30319.894,17827.449,7918.006,21891.449,10235.85,7217.699,40729.49,30414.078,12016.576,12442.672,20000.0,8630.607,2000.0,8000.0,6191.082,18000.0,3000.0,11631.994,10204.074,20490.205,6006.324,4011.88,1.066,2.665,1.599,3.198,4.53,5.063,0.021,5.33
2023-09-06,30341.495,17773.457,7906.843,21966.848,10244.012,7264.579,40656.928,30420.574,12003.702,12623.921,20000.0,8628.552,2000.0,8000.0,6200.756,18000.0,3000.0,11635.687,10205.291,20493.389,6006.762,4012.134,1.066,2.665,1.599,3.198,4.53,5.063,0.043,5.33
2023-09-07,30339.434,17810.499,7908.464,21878.698,10295.26,7246.595,40670.153,30394.868,11999.248,12622.89,20000.0,8626.498,2000.0,8000.0,6195.325,18000.0,3000.0,11639.381,10206.498,20496.524,6007.265,4012.396,1.066,2.665,1.599,3.198,4.53,5.063,0.039,5.33
2023-09-08,30258.401,17792.223,7913.667,21738.271,10271.324,7115.927,40710.792,30410.825,11991.136,12206.498,20000.0,8624.444,2000.0,8000.0,6210.806,18000.0,3000.0,11643.076,10207.699,20499.606,6007.522,4012.626,1.066,2.665,1.599,3.198,4.53,5.063,0.046,5.33
2023-09-11,30236.87,17677.901,7929.65,21673.979,10154.19,7143.209,40742.249,30400.024,12004.946,11884.984,20000.0,8622.39,2000.0,8000.0,6192.023,18000.0,3000.0,11646.772,10208.881,20502.711,6007.752,4012.911,1.066,2.665,1.599,3.198,4.53,5.063,0.048,5.33
2023-09-12,30239.042,17650.878,7942.619,21655.773,10223.138,7179.798,40752.454,30436.371,12006.734,11917.09,20000.0,8620.337,2000.0,8000.0,6191.269,18000.0,3000.0,11650.469,10210.084,20506.005,6008.177,4013.202,1.066,2.665,1.599,3.198,4.53,5.063,0.044,5.33
2023-09-13,30212.587,17602.674,7946.563,21697.934,10204.29,7182.158,40766.672,30422.782,11983.283,11877.97,20000.0,8618.285,2000.0,8000.0,6168.618,18000.0,3000.0,11654.168,10211.304,20509.274,6008.681,4013.487,1.066,2.665,1.599,3.198,4.53,5.063,0.041,5.33
2023-09-14,30147.018,17576.345,7929.143,21664.736,10086.991,7202.017,40792.771,30442.65,11981.231,11599.8,20000.0,8616.233,2000.0,8000.0,6168.566,18000.0,3000.0,11657.868,10212.495,20512.196,6008.848,4013.661,1.066,2.665,1.599,3.198,4.53,5.063,0.051,5.33
2023-09-15,30173.656,17575.319,7904.815,21793.267,9995.498,7230.891,40747.273,30455.547,11967.238,11715.508,20000.0,8614.181,2000.0,8000.0,6164.733,18000.0,3000.0,11661.569,10213.702,20515.258,6009.159,4013.912,1.066,2.665,1.599,3.198,4.53,5.063,0.049,5.33
2023-09-18,30176.664,17607.035,7883.881,21773.311,10039.354,7283.341,40703.387,30472.11,11962.498,11833.136,20000.0,8612.13,2000.0,8000.0,6154.405,18000.0,3000.0,11665.271,10214.892,20518.26,6009.456,4014.095,1.066,2.665,1.599,3.198,4.53,5.063,0.049,5.33
2023-09-19,30216.787,17636.567,7868.03,21645.147,10056.719,7371.207,40751.565,30464.535,11955.275,11839.209,20000.0,8610.08,2000.0,8000.0,6157.233,18000.0,3000.0,11668.974,10216.095,20521.391,6009.639,4014.233,1.066,2.665,1.599,3.198,4.53,5.063,0.051,5.33
2023-09-20,30196.98,17569.862,7891.369,21607.396,10129.478,7278.753,40739.126,30469.229,11973.641,11717.289,20000.0,8608.03,2000.0,8000.0,6160.798,18000.0,3000.0,11672.678,10217.255,20523.874,6009.456,4013.961,1.066,2.665,1.599,3.198,4.53,5.063,0.066,5.33
2023-09-21,30185.302,17597.898,7894.877,21547.848,10051.446,7217.923,40765.719,30482.544,11971.045,11513.523,20000.0,8605.98,2000.0,8000.0,6167.133,18000.0,3000.0,11676.384,10218.399,20526.1,6009.332,4013.927,1.066,2.665,1.599,3.198,4.53,5.063,0.073,5.33
2023-09-22,30221.169,17540.407,7903.905,21492.239,9982.868,7240.071,40723.329,30467.142,11963.824,11457.563,20000.0,8603.931,2000.0,8000.0,6155.04,18000.0,3000.0,11680.091,10219.509,20528.57,6008.833,4013.877,1.066,2.665,1.599,3.198,4.53,5.063,0.076,5.33
2023-09-25,30254.474,17505.009,7897.774,21529.484,10040.334,7203.091,40723.307,30467.368,11945.123,11533.569,20000.0,8601.883,2000.0,8000.0,6157.285,18000.0,3000.0,11683.799,10220.671,20531.009,6008.827,4013.711,1.066,2.665,1.599,3.198,4.53,5.063,0.067,5.33
2023-09-26,30275.049,17557.175,7894.394,21670.886,9986.567,7160.332,40727.595,30471.821,11978.94,11609.245,20000.0,8599.835,2000.0,8000.0,6155.527,18000.0,3000.0,11687.508,10221.885,20533.994,6009.074,4013.954,1.066,2.665,1.599,3.198,4.53,5.063,0.049,5.33
2023-09-27,30277.79,17489.068,7888.65,21700.494,10014.302,7160.772,40698.212,30483.352,11990.173,11596.371,20000.0,8597.787,2000.0,8000.0,6143.602,18000.0,3000.0,11691.218,10223.022,20536.953,6009.017,4013.876,1.066,2.665,1.599,3.198,4.53,5.063,0.062,5.33
2023-09-28,30355.842,17449.053,7907.545,21727.659,9962.529,7200.083,40709.874,30512.941,11986.4,11636.642,20000.0,8595.74,2000.0,8000.0,6143.956,18000.0,3000.0,11694.93,10224.189,20539.379,6008.542,4013.64,1.066,2.665,1.599,3.198,4.53,5.063,0.073,5.33
2023-09-29,30411.608,17479.343,7888.922,21535.183,9983.557,7241.093,40711.361,30507.457,12018.658,11556.913,20000.0,8593.693,2000.0,8000.0,6149.734,18000.0,3000.0,11698.642,10225.333,20541.899,6008.398,4013.574,1.066,2.665,1.599,3.198,4.53,5.063,0.07,5.33
2023-10-02,30411.739,17506.624,7883.577,21466.667,9937.751,7339.103,40755.145,30527.33,12020.953,11500.271,20000.0,8591.647,2000.0,8000.0,6147.528,18000.0,3000.0,11702.356,10226.204,20541.744,6005.21,4011.536,1.066,2.665,1.599,3.198,4.53,5.063,0.133,5.33
2023-10-03,30408.71,17442.266,7892.918,21542.808,9896.09,7426.235,40796.544,30514.09,12044.188,11528.072,20000.0,8589.602,2000.0,8000.0,6157.399,18000.0,3000.0,11706.071,10226.736,20538.277,5998.45,4007.979,1.066,2.665,1.599,3.198,4.53,5.063,0.199,5.33
2023-10-04,30450.153,17397.928,7905.416,21747.421,9838.799,7446.27,40828.902,30512.394,12052.94,11679.174,20000.0,8587.556,2000.0,8000.0,6165.194,18000.0,3000.0,11709.787,10226.8,20530.028,5988.324,4001.766,1.066,2.665,1.599,3.198,4.53,5.063,0.264,5.33
2023-10-05,30332.037,17352.234,7905.995,21767.295,9803.585,7372.756,40884.846,30538.094,12060.558,11353.311,20000.0,8585.512,2000.0,8000.0,6174.914,18000.0,3000.0,11713.505,10226.838,20517.846,5974.194,3993.479,1.066,2.665,1.599,3.198,4.53,5.063,0.329,5.33
2023-10-06,30315.523,17352.815,7907.606,21709.618,9761.525,7264.116,40990.47,30536.251,12063.438,11022.259,20000.0,8583.468,2000.0,8000.0,6167.458,18000.0,3000.0,11717.223,10226.264,20502.845,5956.063,3983.091,1.066,2.665,1.599,3.198,4.53,5.063,0.376,5.33
2023-10-09,30279.88,17244.808,7919.495,21617.911,9643.158,7085.138,41039.54,30528.147,12075.261,10435.4,20000.0,8581.424,2000.0,8000.0,6148.438,18000.0,3000.0,11720.943,10224.906,20484.393,5928.522,3970.393,1.066,2.665,1.599,3.198,4.53,5.063,0.449,5.33
2023-10-10,30330.053,17196.611,7898.566,21567.772,9567.412,7099.006,41088.196,30526.346,12101.555,10241.724,20000.0,8579.381,2000.0,8000.0,6153.117,18000.0,3000.0,11724.664,10223.977,20462.996,5906.635,3958.834,1.066,2.665,1.599,3.198,4.53,5.063,0.428,5.33
2023-10-11,30366.678,17176.093,7903.026,21597.378,9545.12,7062.949,41169.455,30516.128,12099.122,10184.815,20000.0,8577.338,2000.0,8000.0,6167.227,18000.0,3000.0,11728.386,10223.051,20441.941,5885.862,3945.422,1.066,2.665,1.599,3.198,4.53,5.063,0.436,5.33
2023-10-12,30298.816,17199.575,7916.631,21587.533,9463.795,7021.611,41251.397,30524.502,12098.628,9930.191,20000.0,8575.296,2000.0,8000.0,6159.943,18000.0,3000.0,11732.11,10221.972,20421.493,5867.073,3933.541,1.066,2.665,1.599,3.198,4.53,5.063,0.438,5.33
2023-10-13,30280.359,17141.496,7916.574,21556.394,9502.663,6955.165,41324.573,30523.505,12102.143,9716.102,20000.0,8573.254,2000.0,8000.0,6151.092,18000.0,3000.0,11735.834,10220.497,20400.916,5842.164,3918.878,1.066,2.665,1.599,3.198,4.53,5.063,0.444,5.33
2023-10-16,30293.981,17079.823,7918.3,21689.423,9426.552,6955.904,41434.982,30534.485,12124.369,9590.664,20000.0,8571.213,2000.0,8000.0,6152.169,18000.0,3000.0,11739.56,10218.88,20382.535,5819.111,3906.311,1.066,2.665,1.599,3.198,4.53,5.063,0.462,5.33
2023-10-17,30306.258,17047.02,7904.769,21669.621,9417.212,6935.159,41468.82,30524.883,12120.035,9504.816,20000.0,8569.172,2000.0,8000.0,6164.401,18000.0,3000.0,11743.287,10217.481,20360.144,5793.82,3889.373,1.066,2.665,1.599,3.198,4.53,5.063,0.472,5.33
2023-10-18,30274.775,17008.414,7925.216,21611.8,9315.185,6871.247,41567.644,30520.169,12121.026,9136.219,20000.0,8567.132,2000.0,8000.0,6158.538,18000.0,3000.0,11747.015,10216.441,20343.004,5767.311,3879.326,1.066,2.665,1.599,3.198,4.53,5.063,0.449,5.33
2023-10-19,30215.904,17041.396,7925.345,21618.843,9274.647,6849.124,41684.193,30531.959,12107.522,8946.583,20000.0,8565.092,2000.0,8000.0,6159.345,18000.0,3000.0,11750.744,10215.437,20323.641,5749.479,3865.671,1.066,2.665,1.599,3.198,4.53,5.063,0.423,5.33
2023-10-20,30175.116,17034.372,7923.031,21693.781,9117.082,6764.777,41777.791,30520.114,12115.377,8636.439,20000.0,8563.053,2000.0,8000.0,6150.141,18000.0,3000.0,11754.474,10214.642,20299.87,5726.838,3850.889,1.066,2.665,1.599,3.198,4.53,5.063,0.431,5.33
2023-10-23,30133.45,17045.365,7902.626,21552.118,9027.915,6739.127,41854.335,30502.096,12110.865,8288.572,20000.0,8561.014,2000.0,8000.0,6158.075,18000.0,3000.0,11758.206,10213.927,20284.358,5709.682,3839.398,1.066,2.665,1.599,3.198,4.53,5.063,0.392,5.33
2023-10-24,30119.593,17100.694,7898.091,21459.023,8988.263,6695.803,41843.718,30495.786,12085.619,8206.689,20000.0,8558.976,2000.0,8000.0,6167.381,18000.0,3000.0,11761.939,10212.978,20267.438,5690.771,3829.463,1.066,2.665,1.599,3.198,4.53,5.063,0.369,5.33
2023-10-25,30149.756,17045.355,7886.788,21349.481,9000.167,6762.14,41952.941,30491.868,12082.076,8046.121,20000.0,8556.938,2000.0,8000.0,6170.585,18000.0,3000.0,11765.672,10212.522,20252.308,5675.433,3821.344,1.066,2.665,1.599,3.198,4.53,5.063,0.358,5.33
2023-10-26,30152.117,17044.553,7892.19,21335.816,8959.937,6803.77,42063.501,30500.096,12073.902,7935.463,20000.0,8554.9,2000.0,8000.0,6170.073,18000.0,3000.0,11769.408,10212.437,20241.867,5660.337,3813.506,1.066,2.665,1.599,3.198,4.53,5.063,0.317,5.33
2023-10-27,30181.574,17032.496,7917.257,21444.682,8933.791,6773.66,42063.447,30497.826,12063.387,8020.275,20000.0,8552.863,2000.0,8000.0,6141.195,18000.0,3000.0,11773.144,10212.459,20233.814,5649.152,3806.925,1.066,2.665,1.599,3.198,4.53,5.063,0.275,5.33
2023-10-30,30113.5,16985.928,7937.445,21445.833,8817.045,6753.958,42071.172,30488.635,12112.368,7745.241,20000.0,8550.827,2000.0,8000.0,6137.654,18000.0,3000.0,11776.881,10212.636,20228.237,5640.101,3801.399,1.066,2.665,1.599,3.198,4.53,5.063,0.267,5.33
2023-10-31,30073.418,16956.514,7923.566,21494.902,8777.441,6746.879,42186.777,30481.034,12121.686,7548.379,20000.0,8548.791,2000.0,8000.0,6133.328,18000.0,3000.0,11780.62,10212.764,20222.363,5630.563,3795.946,1.066,2.665,1.599,3.198,4.53,5.063,0.255,5.33
2023-11-01,30108.411,16939.867,7959.723,21499.734,8762.78,6738.036,42246.527,30502.396,12120.857,7499.291,20000.0,8546.756,2000.0,8000.0,6122.917,18000.0,3000.0,11784.36,10213.032,20216.419,5622.402,3791.075,1.066,2.665,1.599,3.198,4.53,5.063,0.241,5.33
2023-11-02,30168.027,16985.528,7983.188,21484.202,8688.75,6735.975,42268.29,30490.851,12129.277,7518.909,20000.0,8544.721,2000.0,8000.0,6118.277,18000.0,3000.0,11788.101,10213.415,20210.091,5613.415,3787.188,1.066,2.665,1.599,3.198,4.53,5.063,0.231,5.33
2023-11-03,30124.395,16984.358,7956.189,21513.422,8630.988,6791.085,42223.563,30472.069,12136.881,7512.149,20000.0,8542.686,2000.0,8000.0,6095.07,18000.0,3000.0,11791.843,10213.962,20205.975,5606.885,3783.028,1.066,2.665,1.599,3.198,4.53,5.063,0.211,5.33
2023-11-06,30080.509,16972.764,7963.942,21486.09,8639.769,6787.13,42266.58,30473.148,12133.338,7415.642,20000.0,8540.652,2000.0,8000.0,6103.57,18000.0,3000.0,11795.587,10214.613,20202.871,5601.533,3779.956,1.066,2.665,1.599,3.198,4.53,5.063,0.184,5.33
2023-11-07,30111.686,16993.325,7950.893,21570.835,8592.917,6779.304,42266.775,30500.248,12113.985,7489.132,20000.0,8538.619,2000.0,8000.0,6110.467,18000.0,3000.0,11799.331,10215.35,20200.425,5596.342,3776.957,1.066,2.665,1.599,3.198,4.53,5.063,0.177,5.33
2023-11-08,30099.106,16915.606,7964.367,21654.42,8654.743,6713.343,42258.923,30478.674,12090.696,7548.08,20000.0,8536.586,2000.0,8000.0,6108.296,18000.0,3000.0,11803.077,10216.046,20198.191,5590.985,3774.464,1.066,2.665,1.599,3.198,4.53,5.063,0.161,5.33
2023-11-09,30137.704,16890.248,7973.524,21710.278,8631.411,6803.307,42327.503,30508.314,12075.412,7599.28,20000.0,8534.553,2000.0,8000.0,6091.765,18000.0,3000.0,11806.824,10217.32,20201.407,5592.362,3775.182,1.066,2.665,1.599,3.198,4.53,5.063,0.138,5.33
2023-11-10,30178.315,16899.041,7967.445,21653.361,8601.706,6869.867,42325.896,30518.594,12070.735,7610.154,20000.0,8532.521,2000.0,8000.0,6077.594,18000.0,3000.0,11810.572,10218.638,20204.515,5593.585,3775.351,1.066,2.665,1.599,3.198,4.53,5.063,0.143,5.33
2023-11-13,30192.507,16903.231,7981.975,21617.255,8579.811,6829.638,42353.702,30531.003,12047.321,7516.208,20000.0,8530.49,2000.0,8000.0,6059.984,18000.0,3000.0,11814.322,10219.921,20208.134,5594.613,3775.776,1.066,2.665,1.599,3.198,4.53,5.063,0.14,5.33
2023-11-14,30221.924,16844.606,7973.624,21608.064,8553.641,6697.613,42314.5,30540.313,12026.936,7363.311,20000.0,8528.459,2000.0,8000.0,6055.974,18000.0,3000.0,11818.072,10221.115,20211.994,5595.263,3776.423,1.066,2.665,1.599,3.198,4.53,5.063,0.143,5.33
2023-11-15,30221.036,16935.825,7958.54,21668.492,8633.258,6751.706,42365.655,30542.136,12031.726,7575.843,20000.0,8526.428,2000.0,8000.0,6051.108,18000.0,3000.0,11821.824,10222.511,20216.194,5595.972,3777.57,1.066,2.665,1.599,3.198,4.53,5.063,0.127,5.33
2023-11-16,30245.01,16861.474,7972.697,21666.021,8691.787,6607.575,42362.776,30549.855,12028.591,7457.833,20000.0,8524.398,2000.0,8000.0,6053.312,18000.0,3000.0,11825.577,10223.842,20219.617,5597.728,3778.746,1.066,2.665,1.599,3.198,4.53,5.063,0.118,5.33
2023-11-17,30237.223,16895.432,7954.121,21702.774,8745.556,6553.308,42376.859,30581.976,12052.381,7442.506,20000.0,8522.368,2000.0,8000.0,6058.345,18000.0,3000.0,11829.331,10225.221,20224.257,5600.058,3780.235,1.066,2.665,1.599,3.198,4.53,5.063,0.105,5.33
2023-11-20,30259.454,16910.884,7962.36,21699.397,8659.344,6628.692,42451.371,30587.628,12052.095,7405.209,20000.0,8520.339,2000.0,8000.0,6063.424,18000.0,3000.0,11833.087,10226.664,20229.408,5602.389,3781.895,1.066,2.665,1.599,3.198,4.53,5.063,0.095,5.33
2023-11-21,30278.933,16935.598,7986.8,21612.107,8712.652,6744.871,42409.169,30594.242,12070.396,7569.316,20000.0,8518.311,2000.0,8000.0,6053.63,18000.0,3000.0,11836.843,10228.116,20234.245,5604.752,3783.28,1.066,2.665,1.599,3.198,4.53,5.063,0.099,5.33
2023-11-22,30242.272,16918.698,8012.71,21557.313,8712.818,6788.268,42395.569,30590.188,12072.147,7571.583,20000.0,8516.282,2000.0,8000.0,6073.09,18000.0,3000.0,11840.601,10229.527,20239.477,5607.492,3785.07,1.066,2.665,1.599,3.198,4.53,5.063,0.09,5.33
2023-11-23,30255.305,16898.207,8008.117,21511.611,8697.99,6760.265,42395.892,30560.337,12070.386,7500.699,20000.0,8514.255,2000.0,8000.0,6065.714,18000.0,3000.0,11844.36,10230.936,20244.916,5610.294,3786.441,1.066,2.665,1.599,3.198,4.53,5.063,0.095,5.33
2023-11-24,30243.496,16885.235,8007.463,21562.338,8678.443,6821.743,42428.847,30578.013,12078.25,7516.508,20000.0,8512.227,2000.0,8000.0,6067.008,18000.0,3000.0,11848.12,10232.306,20249.689,5612.45,3787.761,1.066,2.665,1.599,3.198,4.53,5.063,0.1,5.33
2023-11-27,30246.601,16870.517,8011.802,21412.921,8598.397,6826.134,42479.902,30605.369,12084.92,7186.037,20000.0,8510.201,2000.0,8000.0,6048.176,18000.0,3000.0,11851.881,10233.621,20254.148,5614.062,3788.564,1.066,2.665,1.599,3.198,4.53,5.063,0.123,5.33
2023-11-28,30249.623,16857.659,8000.626,21281.185,8670.425,6844.674,42438.847,30629.094,12075.094,7156.941,20000.0,8508.175,2000.0,8000.0,6048.315,18000.0,3000.0,11855.644,10234.98,20259.009,5616.447,3789.691,1.066,2.665,1.599,3.198,4.53,5.063,0.102,5.33
2023-11-29,30269.302,16842.787,7994.662,21231.722,8637.362,6843.715,42489.903,30605.043,12078.206,7031.118,20000.0,8506.149,2000.0,8000.0,6031.461,18000.0,3000.0,11859.407,10236.388,20263.846,5618.397,3791.128,1.066,2.665,1.599,3.198,4.53,5.063,0.111,5.33
2023-11-30,30275.49,16810.231,7992.531,21357.52,8617.809,6849.915,42518.093,30610.458,12064.622,7109.476,20000.0,8504.124,2000.0,8000.0,6040.104,18000.0,3000.0,11863.172,10237.722,20268.501,5620.622,3792.407,1.066,2.665,1.599,3.198,4.53,5.063,0.106,5.33
2023-12-01,30280.675,16816.834,8003.427,21422.701,8632.852,6935.134,42507.22,30638.856,12091.039,7269.757,20000.0,8502.099,2000.0,8000.0,6050.409,18000.0,3000.0,11866.938,10239.074,20272.837,5622.475,3793.755,1.066,2.665,1.599,3.198,4.53,5.063,0.103,5.33
2023-12-04,30299.493,16876.06,7993.05,21479.433,8612.977,6901.623,42521.732,30656.271,12119.733,7282.52,20000.0,8500.074,2000.0,8000.0,6046.99,18000.0,3000.0,11870.706,10240.495,20278.159,5625.015,3795.232,1.066,2.665,1.599,3.198,4.53,5.063,0.083,5.33
2023-12-05,30315.071,16859.164,7989.613,21521.622,8618.871,6941.957,42495.069,30656.467,12097.505,7424.955,20000.0,8498.051,2000.0,8000.0,6051.273,18000.0,3000.0,11874.474,10241.992,20284.157,5627.671,3797.108,1.066,2.665,1.599,3.198,4.53,5.063,0.077,5.33
2023-12-06,30302.022,16938.659,8028.233,21468.479,8597.854,6871.591,42593.028,30650.073,12098.459,7287.859,20000.0,8496.027,2000.0,8000.0,6040.365,18000.0,3000.0,11878.244,10243.431,20289.465,5630.293,3798.668,1.066,2.665,1.599,3.198,4.53,5.063,0.087,5.33
2023-12-07,30279.302,17029.08,8058.448,21464.961,8599.586,6856.779,42662.205,30657.211,12116.33,7291.896,20000.0,8494.004,2000.0,8000.0,6051.477,18000.0,3000.0,11882.015,10244.869,20295.114,5633.004,3800.252,1.066,2.665,1.599,3.198,4.53,5.063,0.085,5.33
2023-12-08,30256.777,17025.94,8039.565,21496.032,8543.799,6762.687,42701.334,30643.806,12113.948,7126.98,20000.0,8491.982,2000.0,8000.0,6067.464,18000.0,3000.0,11885.787,10246.306,20300.589,5635.801,3801.971,1.066,2.665,1.599,3.198,4.53,5.063,0.085,5.33
2023-12-11,30271.312,17024.718,8041.169,21538.064,8533.776,6827.493,42612.914,30644.138,12109.551,7335.223,20000.0,8489.96,2000.0,8000.0,6065.693,18000.0,3000.0,11889.56,10247.754,20306.434,5638.407,3803.658,1.066,2.665,1.599,3.198,4.53,5.063,0.08,5.33
2023-12-12,30215.519,16949.532,8037.376,21546.224,8635.321,6761.648,42588.822,30636.396,12108.708,7280.019,20000.0,8487.939,2000.0,8000.0,6062.928,18000.0,3000.0,11893.335,10249.162,20311.646,5640.323,3804.989,1.066,2.665,1.599,3.198,4.53,5.063,0.093,5.33
2023-12-13,30212.577,16972.755,7988.464,21630.262,8637.184,6795.664,42565.252,30611.307,12101.506,7456.177,20000.0,8485.918,2000.0,8000.0,6086.145,18000.0,3000.0,11897.11,10250.544,20316.506,5642.536,3806.5,1.066,2.665,1.599,3.198,4.53,5.063,0.09,5.33
2023-12-14,30215.316,17033.141,8004.179,21631.451,8551.244,6848.648,42548.122,30613.545,12107.621,7504.481,20000.0,8483.897,2000.0,8000.0,6072.8,18000.0,3000.0,11900.887,10252.022,20322.48,5645.775,3808.43,1.066,2.665,1.599,3.198,4.53,5.063,0.061,5.33
2023-12-15,30223.736,17041.169,8012.818,21688.308,8554.291,6758.221,42600.907,30596.341,12121.607,7465.495,20000.0,8481.877,2000.0,8000.0,6083.018,18000.0,3000.0,11904.665,10253.535,20328.557,5649.171,3810.47,1.066,2.665,1.599,3.198,4.53,5.063,0.055,5.33
2023-12-18,30234.342,17089.411,8018.414,21666.51,8644.785,6758.94,42650.311,30597.266,12123.073,7551.271,20000.0,8479.858,2000.0,8000.0,6080.933,18000.0,3000.0,11908.444,10255.097,20335.308,5653.003,3812.72,1.066,2.665,1.599,3.198,4.53,5.063,0.034,5.33
2023-12-19,30248.765,17068.091,8027.219,21507.746,8618.949,6735.672,42662.539,30596.574,12116.262,7353.272,20000.0,8477.839,2000.0,8000.0,6087.819,18000.0,3000.0,11912.225,10256.686,20342.227,5657.105,3815.113,1.066,2.665,1.599,3.198,4.53,5.063,0.019,5.33
2023-12-20,30219.232,17083.153,8052.186,21470.843,8609.678,6769.713,42641.358,30577.718,12108.979,7421.36,20000.0,8475.82,2000.0,8000.0,6104.425,18000.0,3000.0,11916.006,10258.274,20349.168,5661.193,3817.522,1.066,2.665,1.599,3.198,4.53,5.063,0.018,5.33
2023-12-21,30191.881,17139.838,8035.123,21630.131,8642.932,6769.916,42623.809,30575.663,12126.127,7641.326,20000.0,8473.802,2000.0,8000.0,6111.117,18000.0,3000.0,11919.789,10259.833,20355.872,5664.988,3819.804,1.066,2.665,1.599,3.198,4.53,5.063,0.03,5.33
2023-12-22,30242.29,17191.463,8052.981,21802.863,8706.653,6786.075,42599.437,30585.424,12106.847,8051.679,20000.0,8471.785,2000.0,8000.0,6109.275,18000.0,3000.0,11923.573,10261.386,20362.331,5668.767,3821.917,1.066,2.665,1.599,3.198,4.53,5.063,0.037,5.33
2023-12-25,30252.305,17186.266,8053.304,21900.132,8731.599,6702.185,42626.4,30601.259,12103.196,8065.322,20000.0,8469.768,2000.0,8000.0,6112.794,18000.0,3000.0,11927.359,10262.945,20368.953,5672.622,3824.148,1.066,2.665,1.599,3.198,4.53,5.063,0.027,5.33
2023-12-26,30242.603,17216.028,8048.645,21908.431,8786.268,6718.446,42636.004,30605.921,12107.046,8158.705,20000.0,8467.751,2000.0,8000.0,6123.86,18000.0,3000.0,11931.145,10264.511,20375.753,5676.551,3826.435,1.066,2.665,1.599,3.198,4.53,5.063,0.022,5.33
2023-12-27,30262.458,17203.396,8045.191,21968.914,8879.343,6681.766,42615.064,30592.21,12114.976,8315.415,20000.0,8465.735,2000.0,8000.0,6127.398,18000.0,3000.0,11934.933,10266.024,20382.046,5679.966,3828.504,1.066,2.665,1.599,3.198,4.53,5.063,0.043,5.33
2023-12-28,30218.475,17260.225,8024.422,22053.713,8877.843,6694.249,42625.718,30590.289,12133.582,8388.38,20000.0,8463.719,2000.0,8000.0,6134.039,18000.0,3000.0,11938.722,10267.537,20388.024,5683.31,3830.48,1.066,2.665,1.599,3.198,4.53,5.063,0.048,5.33
2023-12-29,30153.695,17208.247,8039.275,22091.086,8978.526,6637.253,42579.797,30579.355,12137.645,8429.743,20000.0,8461.704,2000.0,8000.0,6137.651,18000.0,3000.0,11942.512,10269.034,20393.942,5686.504,3832.351,1.066,2.665,1.599,3.198,4.53,5.063,0.051,5.33
2024-01-01,30171.012,17247.755,8012.926,22122.065,8961.317,6612.527,42533.187,30608.948,12159.895,8475.066,20000.0,8459.689,2000.0,8000.0,6162.879,18000.0,3000.0,11946.303,10270.526,20399.76,5689.529,3834.252,1.066,2.665,1.599,3.198,4.53,5.063,0.053,5.33
2024-01-02,30167.929,17256.668,8014.743,22146.6,9042.653,6668.604,42520.858,30614.89,12162.316,8658.978,20000.0,8457.675,2000.0,8000.0,6167.424,18000.0,3000.0,11950.095,10272.006,20405.625,5692.668,3836.077,1.066,2.665,1.599,3.198,4.53,5.063,0.055,5.33
2024-01-03,30131.689,17231.542,8019.247,22102.578,8978.288,6669.809,42451.321,30602.828,12146.515,8587.008,20000.0,8455.661,2000.0,8000.0,6156.292,18000.0,3000.0,11953.889,10273.445,20411.304,5695.358,3837.711,1.066,2.665,1.599,3.198,4.53,5.063,0.067,5.33
2024-01-04,30153.588,17268.447,8024.818,22097.651,8963.148,6778.287,42372.633,30608.811,12154.464,8800.551,20000.0,8453.648,2000.0,8000.0,6146.483,18000.0,3000.0,11957.684,10274.869,20416.755,5697.904,3839.229,1.066,2.665,1.599,3.198,4.53,5.063,0.073,5.33
2024-01-05,30143.163,17300.728,8032.861,22133.9,8976.084,6737.254,42336.031,30613.265,12166.58,8843.975,20000.0,8451.635,2000.0,8000.0,6126.016,18000.0,3000.0,11961.48,10276.272,20422.08,5700.351,3840.817,1.066,2.665,1.599,3.198,4.53,5.063,0.074,5.33
2024-01-08,30123.099,17226.581,8020.759,22316.453,8961.753,6696.943,42401.197,30591.323,12148.49,8839.339,20000.0,8449.623,2000.0,8000.0,6119.106,18000.0,3000.0,11965.277,10277.736,20427.822,5703.052,3842.594,1.066,2.665,1.599,3.198,4.53,5.063,0.06,5.33
2024-01-09,30146.533,17242.644,8013.557,22383.976,8947.467,6662.029,42351.624,30584.15,12126.694,8984.05,20000.0,8447.611,2000.0,8000.0,6128.848,18000.0,3000.0,11969.076,10279.171,20433.476,5705.431,3844.017,1.066,2.665,1.599,3.198,4.53,5.063,0.067,5.33
2024-01-10,30128.103,17251.322,8002.313,22321.573,8862.547,6687.949,42329.333,30578.435,12138.632,8867.714,20000.0,8445.6,2000.0,8000.0,6133.031,18000.0,3000.0,11972.876,10280.637,20439.016,5708.571,3845.668,1.066,2.665,1.599,3.198,4.53,5.063,0.058,5.33
2024-01-11,30083.645,17205.596,8011.916,22357.661,8875.949,6702.948,42234.611,30589.366,12139.94,8933.629,20000.0,8443.589,2000.0,8000.0,6126.744,18000.0,3000.0,11976.677,10282.072,20444.05,5711.284,3846.95,1.066,2.665,1.599,3.198,4.53,5.063,0.072,5.33
2024-01-12,30084.28,17210.444,8020.675,22287.222,8911.389,6651.915,42190.696,30601.771,12151.93,8888.129,20000.0,8441.579,2000.0,8000.0,6127.698,18000.0,3000.0,11980.479,10283.549,20449.903,5714.075,3848.748,1.066,2.665,1.599,3.198,4.53,5.063,0.056,5.33
2024-01-15,30023.498,17202.865,8057.018,22366.473,8885.296,6736.27,42171.791,30602.346,12148.092,9017.674,20000.0,8439.569,2000.0,8000.0,6123.77,18000.0,3000.0,11984.282,10285.018,20455.674,5716.91,3850.381,1.066,2.665,1.599,3.198,4.53,5.063,0.055,5.33
2024-01-16,30027.604,17176.172,8094.293,22282.896,8775.461,6816.875,42199.486,30582.291,12124.362,8935.696,20000.0,8437.559,2000.0,8000.0,6118.007,18000.0,3000.0,11988.087,10286.473,20461.34,5719.829,3852.033,1.066,2.665,1.599,3.198,4.53,5.063,0.056,5.33
2024-01-17,30059.117,17134.362,8098.536,22331.88,8828.202,6781.182,42111.968,30566.54,12135.149,9097.819,20000.0,8435.55,2000.0,8000.0,6121.854,18000.0,3000.0,11991.892,10287.966,20467.534,5723.198,3853.961,1.066,2.665,1.599,3.198,4.53,5.063,0.037,5.33
2024-01-18,30064.149,17122.276,8124.909,22311.049,8880.913,6739.067,42124.048,30582.239,12125.234,9095.168,20000.0,8433.542,2000.0,8000.0,6122.168,18000.0,3000.0,11995.699,10289.428,20472.956,5725.838,3855.472,1.066,2.665,1.599,3.198,4.53,5.063,0.061,5.33
2024-01-19,30050.476,17082.109,8117.092,22213.841,8850.52,6750.255,42107.502,30595.678,12126.739,8934.632,20000.0,8431.534,2000.0,8000.0,6132.287,18000.0,3000.0,11999.507,10290.826,20477.625,5727.859,3856.568,1.066,2.665,1.599,3.198,4.53,5.063,0.078,5.33
2024-01-22,30057.456,17112.887,8128.133,22160.015,8883.888,6732.947,42124.734,30617.863,12115.276,8918.916,20000.0,8429.526,2000.0,8000.0,6127.674,18000.0,3000.0,12003.317,10292.247,20482.966,5730.076,3857.951,1.066,2.665,1.599,3.198,4.53,5.063,0.07,5.33
2024-01-23,30053.533,17100.636,8138.668,22163.866,8844.632,6744.793,42119.416,30615.498,12118.982,8909.399,20000.0,8427.519,2000.0,8000.0,6137.558,18000.0,3000.0,12007.127,10293.632,20488.039,5732.312,3859.164,1.066,2.665,1.599,3.198,4.53,5.063,0.078,5.33
2024-01-24,30025.61,17133.255,8146.789,22300.868,8873.015,6732.223,42166.706,30629.226,12105.135,9032.695,20000.0,8425.513,2000.0,8000.0,6136.575,18000.0,3000.0,12010.939,10295.019,20492.839,5734.603,3860.292,1.066,2.665,1.599,3.198,4.53,5.063,0.08,5.33
2024-01-25,30040.807,17136.519,8175.416,22262.355,8927.015,6758.022,42170.891,30628.535,12094.588,9126.747,20000.0,8423.507,2000.0,8000.0,6129.383,18000.0,3000.0,12014.752,10296.505,20498.632,5737.606,3861.992,1.066,2.665,1.599,3.198,4.53,5.063,0.045,5.33
2024-01-26,30007.696,17085.994,8199.234,22320.223,8910.034,6768.114,42168.771,30618.295,12108.956,9119.792,20000.0,8421.501,2000.0,8000.0,6127.453,18000.0,3000.0,12018.566,10297.968,20504.35,5740.51,3863.748,1.066,2.665,1.599,3.198,4.53,5.063,0.051,5.33
2024-01-29,29985.654,17064.741,8206.959,22184.69,8969.691,6802.507,42146.536,30591.492,12115.925,9085.018,20000.0,8419.496,2000.0,8000.0,6121.843,18000.0,3000.0,12022.382,10299.427,20510.035,5743.364,3865.393,1.066,2.665,1.599,3.198,4.53,5.063,0.051,5.33
2024-01-30,29981.787,17060.852,8194.021,22149.272,9024.233,6719.874,42114.275,30606.765,12113.086,9032.126,20000.0,8417.491,2000.0,8000.0,6127.504,18000.0,3000.0,12026.198,10300.888,20515.595,5746.057,3866.993,1.066,2.665,1.599,3.198,4.53,5.063,0.054,5.33
2024-01-31,29975.7,17062.347,8190.974,22258.949,9108.694,6695.438,42151.845,30605.253,12122.772,9153.87,20000.0,8415.487,2000.0,8000.0,6127.108,18000.0,3000.0,12030.016,10302.376,20521.472,5749.048,3868.702,1.066,2.665,1.599,3.198,4.53,5.063,0.042,5.33
2024-02-01,30077.399,17063.836,8189.546,22257.146,9157.493,6697.24,42154.51,30608.75,12131.98,9310.616,20000.0,8413.484,2000.0,8000.0,6142.845,18000.0,3000.0,12033.835,10303.858,20527.267,5752.14,3870.443,1.066,2.665,1.599,3.198,4.53,5.063,0.041,5.33
2024-02-02,30030.839,17052.525,8186.912,22290.137,9190.763,6594.323,42105.941,30613.082,12142.724,9234.909,20000.0,8411.48,2000.0,8000.0,6124.982,18000.0,3000.0,12037.656,10305.343,20533.098,5755.081,3872.263,1.066,2.665,1.599,3.198,4.53,5.063,0.042,5.33
2024-02-05,30043.574,16958.123,8166.161,22284.926,9224.278,6638.598,42157.018,30620.725,12162.957,9131.117,20000.0,8409.478,2000.0,8000.0,6124.159,18000.0,3000.0,12041.477,10306.781,20538.32,5757.564,3873.807,1.066,2.665,1.599,3.198,4.53,5.063,0.059,5.33
2024-02-06,30027.602,17004.898,8168.947,22296.096,9265.862,6611.564,42116.059,30620.952,12144.696,9242.144,20000.0,8407.475,2000.0,8000.0,6111.057,18000.0,3000.0,12045.3,10308.213,20543.391,5760.05,3875.086,1.066,2.665,1.599,3.198,4.53,5.063,0.063,5.33
2024-02-07,29989.502,16963.341,8167.186,22338.374,9236.846,6616.584,42114.125,30655.852,12114.445,9216.613,20000.0,8405.474,2000.0,8000.0,6145.552,18000.0,3000.0,12049.124,10309.639,20548.797,5762.461,3876.506,1.066,2.665,1.599,3.198,4.53,5.063,0.062,5.33
2024-02-08,30056.901,16946.291,8194.801,22355.975,9160.784,6634.177,42138.052,30643.543,12110.922,9252.84,20000.0,8403.472,2000.0,8000.0,6146.951,18000.0,3000.0,12052.949,10311.0,20553.429,5764.144,3877.571,1.066,2.665,1.599,3.198,4.53,5.063,0.08,5.33
2024-02-09,30022.9,16881.218,8184.723,22408.34,9118.663,6637.482,42252.883,30612.91,12111.673,9090.073,20000.0,8401.471,2000.0,8000.0,6158.909,18000.0,3000.0,12056.775,10312.394,20558.199,5766.3,3879.023,1.066,2.665,1.599,3.198,4.53,5.063,0.071,5.33
2024-02-12,30024.223,16837.314,8199.267,22363.216,9100.547,6645.65,42278.275,30605.005,12110.671,8991.831,20000.0,8399.471,2000.0,8000.0,6154.435,18000.0,3000.0,12060.603,10313.799,20563.277,5768.676,3880.245,1.066,2.665,1.599,3.198,4.53,5.063,0.064,5.33
2024-02-13,30034.95,16748.026,8196.396,22375.81,9127.135,6622.354,42332.165,30585.035,12108.842,8893.534,20000.0,8397.471,2000.0,8000.0,6147.944,18000.0,3000.0,12064.431,10315.268,20568.814,5771.552,3881.878,1.066,2.665,1.599,3.198,4.53,5.063,0.042,5.33
2024-02-14,30074.006,16677.492,8207.298,22394.141,9103.066,6586.881,42319.715,30566.182,12109.009,8876.22,20000.0,8395.472,2000.0,8000.0,6155.452,18000.0,3000.0,12068.261,10316.695,20573.89,5773.83,3883.295,1.066,2.665,1.599,3.198,4.53,5.063,0.064,5.33
2024-02-15,30124.108,16731.417,8206.755,22393.968,9128.88,6550.876,42301.957,30576.382,12136.717,8958.35,20000.0,8393.473,2000.0,8000.0,6158.784,18000.0,3000.0,12072.093,10318.084,20578.621,5775.809,3884.504,1.066,2.665,1.599,3.198,4.53,5.063,0.075,5.33
2024-02-16,30075.795,16781.824,8215.47,22364.117,9102.461,6549.608,42340.348,30562.063,12152.821,8882.761,20000.0,8391.474,2000.0,8000.0,6164.267,18000.0,3000.0,12075.925,10319.412,20583.21,5777.427,3885.478,1.066,2.665,1.599,3.198,4.53,5.063,0.083,5.33
2024-02-19,30031.644,16825.363,8222.455,22481.936,9155.246,6585.691,42397.415,30542.446,12159.484,9048.409,20000.0,8389.476,2000.0,8000.0,6155.137,18000.0,3000.0,12079.759,10320.743,20587.531,5778.876,3886.474,1.066,2.665,1.599,3.198,4.53,5.063,0.088,5.33
2024-02-20,30064.254,16765.513,8240.451,22401.081,9165.992,6667.69,42403.83,30549.671,12145.478,9054.306,20000.0,8387.479,2000.0,8000.0,6152.189,18000.0,3000.0,12083.593,10322.095,20592.035,5780.369,3887.429,1.066,2.665,1.599,3.198,4.53,5.063,0.085,5.33
2024-02-21,30074.808,16757.736,8240.543,22357.261,9146.699,6679.266,42371.015,30547.541,12159.855,9028.426,20000.0,8385.482,2000.0,8000.0,6148.576,18000.0,3000.0,12087.429,10323.412,20596.244,5781.786,3888.407,1.066,2.665,1.599,3.198,4.53,5.063,0.084,5.33
2024-02-22,30035.814,16682.123,8229.419,22402.249,9127.925,6639.409,42430.327,30541.443,12163.495,8832.436,20000.0,8383.485,2000.0,8000.0,6142.982,18000.0,3000.0,12091.267,10324.793,20600.917,5783.622,3889.497,1.066,2.665,1.599,3.198,4.53,5.063,0.077,5.33
2024-02-23,30093.809,16677.527,8270.789,22445.067,9092.207,6649.555,42434.968,30529.937,12153.172,8978.683,20000.0,8381.489,2000.0,8000.0,6154.189,18000.0,3000.0,12095.105,10326.16,20605.614,5785.862,3890.636,1.066,2.665,1.599,3.198,4.53,5.063,0.072,5.33
2024-02-26,30105.253,16712.967,8250.907,22628.367,9030.224,6660.628,42504.073,30512.297,12131.223,9100.591,20000.0,8379.494,2000.0,8000.0,6140.386,18000.0,3000.0,12098.945,10327.541,20610.329,5787.762,3891.706,1.066,2.665,1.599,3.198,4.53,5.063,0.071,5.33
2024-02-27,30103.311,16732.977,8234.677,22701.291,9018.695,6594.973,42482.621,30503.532,12125.508,9145.621,20000.0,8377.499,2000.0,8000.0,6146.071,18000.0,3000.0,12102.786,10328.88,20614.65,5789.175,3892.602,1.066,2.665,1.599,3.198,4.53,5.063,0.088,5.33
2024-02-28,30105.879,16746.204,8234.618,22745.304,9073.01,6652.027,42463.893,30481.098,12120.217,9382.495,20000.0,8375.504,2000.0,8000.0,6159.538,18000.0,3000.0,12106.628,10330.188,20618.593,5790.519,3893.427,1.066,2.665,1.599,3.198,4.53,5.063,0.09,5.33
2024-02-29,30146.385,16692.299,8225.924,22601.151,9092.695,6664.834,42420.662,30477.682,12117.238,9295.491,20000.0,8373.51,2000.0,8000.0,6150.824,18000.0,3000.0,12110.471,10331.546,20623.201,5791.914,3894.298,1.066,2.665,1.599,3.198,4.53,5.063,0.085,5.33
2024-03-01,30172.784,16656.891,8260.436,22715.347,9164.223,6565.927,42453.229,30494.723,12135.362,9345.335,20000.0,8371.516,2000.0,8000.0,6150.24,18000.0,3000.0,12114.316,10332.891,20627.84,5793.846,3895.422,1.066,2.665,1.599,3.198,4.53,5.063,0.074,5.33
2024-03-04,30158.744,16694.137,8298.053,22626.4,9099.947,6594.122,42411.458,30480.429,12132.371,9350.026,20000.0,8369.523,2000.0,8000.0,6154.244,18000.0,3000.0,12118.162,10334.274,20632.81,5795.992,3896.603,1.066,2.665,1.599,3.198,4.53,5.063,0.064,5.33
2024-03-05,30195.142,16704.021,8315.139,22544.781,9040.723,6602.89,42376.082,30465.044,12128.93,9341.025,20000.0,8367.53,2000.0,8000.0,6153.907,18000.0,3000.0,12122.009,10335.607,20637.26,5797.394,3897.654,1.066,2.665,1.599,3.198,4.53,5.063,0.083,5.33
2024-03-06,30131.154,16652.84,8305.51,22614.796,9111.672,6657.521,42432.856,30471.658,12121.877,9346.792,20000.0,8365.538,2000.0,8000.0,6139.369,18000.0,3000.0,12125.857,10336.917,20641.292,5798.756,3898.527,1.066,2.665,1.599,3.198,4.53,5.063,0.086,5.33
2024-03-07,30146.356,16658.01,8304.003,22673.253,9096.265,6704.001,42493.4,30444.186,12121.84,9424.327,20000.0,8363.546,2000.0,8000.0,6135.704,18000.0,3000.0,12129.707,10338.236,20645.383,5799.952,3899.525,1.066,2.665,1.599,3.198,4.53,5.063,0.083,5.33
2024-03-08,30178.508,16707.97,8312.327,22621.204,9025.381,6697.535,42531.266,30449.782,12126.649,9341.021,20000.0,8361.555,2000.0,8000.0,6133.789,18000.0,3000.0,12133.557,10339.6,20649.943,5801.713,3900.495,1.066,2.665,1.599,3.198,4.53,5.063,0.075,5.33
2024-03-11,30120.777,16702.332,8314.141,22739.09,9029.998,6708.49,42462.351,30448.535,12123.864,9495.48,20000.0,8359.564,2000.0,8000.0,6137.556,18000.0,3000.0,12137.409,10341.013,20654.99,5804.081,3901.705,1.066,2.665,1.599,3.198,4.53,5.063,0.059,5.33
2024-03-12,30092.493,16715.575,8318.348,22714.062,9032.668,6741.394,42407.133,30464.571,12105.386,9553.305,20000.0,8357.574,2000.0,8000.0,6132.166,18000.0,3000.0,12141.262,10342.416,20660.16,5806.373,3902.927,1.066,2.665,1.599,3.198,4.53,5.063,0.059,5.33
2024-03-13,30075.24,16776.158,8298.374,22588.773,9087.84,6714.725,42377.404,30451.99,12097.63,9528.747,20000.0,8355.584,2000.0,8000.0,6125.128,18000.0,3000.0,12145.117,10343.786,20664.682,5808.112,3904.089,1.066,2.665,1.599,3.198,4.53,5.063,0.069,5.33
2024-03-14,30013.022,16763.571,8282.284,22459.181,9055.454,6640.537,42421.475,30448.354,12094.388,9171.639,20000.0,8353.594,2000.0,8000.0,6126.431,18000.0,3000.0,12148.972,10345.179,20669.643,5810.279,3905.224,1.066,2.665,1.599,3.198,4.53,5.063,0.063,5.33
2024-03-15,30050.41,16789.895,8267.678,22341.657,9010.594,6710.715,42442.806,30440.072,12094.228,9125.678,20000.0,8351.605,2000.0,8000.0,6130.612,18000.0,3000.0,12152.829,10346.581,20674.737,5812.531,3906.484,1.066,2.665,1.599,3.198,4.53,5.063,0.06,5.33
2024-03-18,30049.425,16793.988,8284.24,22389.245,8908.844,6724.424,42449.284,30429.097,12089.782,9110.503,20000.0,8349.617,2000.0,8000.0,6121.43,18000.0,3000.0,12156.687,10348.0,20679.745,5814.663,3907.823,1.066,2.665,1.599,3.198,4.53,5.063,0.057,5.33
2024-03-19,30050.108,16788.708,8262.38,22433.763,8837.889,6736.979,42485.812,30439.148,12107.87,9021.286,20000.0,8347.629,2000.0,8000.0,6131.371,18000.0,3000.0,12160.546,10349.398,20684.661,5816.746,3909.114,1.066,2.665,1.599,3.198,4.53,5.063,0.059,5.33
2024-03-20,30085.657,16830.392,8268.272,22353.434,8814.884,6648.642,42545.668,30448.34,12107.291,8835.953,20000.0,8345.641,2000.0,8000.0,6117.206,18000.0,3000.0,12164.407,10350.842,20690.084,5819.261,3910.642,1.066,2.665,1.599,3.198,4.53,5.063,0.04,5.33
2024-03-21,30131.881,16812.162,8269.608,22228.794,8845.109,6664.273,42622.439,30443.994,12110.501,8696.92,20000.0,8343.654,2000.0,8000.0,6097.413,18000.0,3000.0,12168.269,10352.29,20695.546,5821.846,3912.217,1.066,2.665,1.599,3.198,4.53,5.063,0.04,5.33
2024-03-22,30129.125,16816.427,8279.948,22134.472,8797.706,6795.05,42620.783,30469.091,12105.344,8676.278,20000.0,8341.668,2000.0,8000.0,6088.305,18000.0,3000.0,12172.132,10353.746,20701.113,5824.552,3913.845,1.066,2.665,1.599,3.198,4.53,5.063,0.033,5.33
2024-03-25,30074.708,16841.843,8265.022,22142.449,8802.991,6890.238,42598.529,30440.289,12106.818,8795.058,20000.0,8339.682,2000.0,8000.0,6087.13,18000.0,3000.0,12175.996,10355.168,20706.306,5827.044,3915.193,1.066,2.665,1.599,3.198,4.53,5.063,0.048,5.33
2024-03-26,30019.905,16838.323,8257.794,22149.368,8821.304,6880.692,42584.657,30440.104,12099.351,8769.26,20000.0,8337.696,2000.0,8000.0,6083.82,18000.0,3000.0,12179.861,10356.613,20711.682,5829.607,3916.681,1.066,2.665,1.599,3.198,4.53,5.063,0.04,5.33
2024-03-27,30018.63,16849.568,8264.521,22045.671,8868.773,6899.985,42597.118,30440.017,12103.047,8742.932,20000.0,8335.711,2000.0,8000.0,6087.95,18000.0,3000.0,12183.728,10358.026,20716.763,5831.955,3918.056,1.066,2.665,1.599,3.198,4.53,5.063,0.05,5.33
2024-03-28,29934.952,16754.955,8275.249,21991.711,8855.904,6854.702,42601.122,30450.459,12111.366,8449.42,20000.0,8333.726,2000.0,8000.0,6091.024,18000.0,3000.0,12187.596,10359.396,20721.593,5833.645,3919.121,1.066,2.665,1.599,3.198,4.53,5.063,0.07,5.33
2024-03-29,29992.265,16798.374,8275.394,22051.08,8830.091,6851.75,42573.691,30462.596,12106.812,8602.329,20000.0,8331.742,2000.0,8000.0,6086.752,18000.0,3000.0,12191.465,10360.748,20726.115,5835.634,3920.141,1.066,2.665,1.599,3.198,4.53,5.063,0.065,5.33
2024-04-01,30011.161,16824.914,8280.319,22038.038,8782.319,6785.974,42597.114,30470.153,12116.857,8483.754,20000.0,8329.758,2000.0,8000.0,6079.576,18000.0,3000.0,12195.335,10362.145,20730.697,5837.706,3921.351,1.066,2.665,1.599,3.198,4.53,5.063,0.057,5.33
2024-04-02,29996.766,16787.13,8274.429,22015.514,8802.584,6735.359,42626.965,30444.043,12127.833,8358.43,20000.0,8327.775,2000.0,8000.0,6074.057,18000.0,3000.0,12199.207,10363.532,20735.596,5839.635,3922.478,1.066,2.665,1.599,3.198,4.53,5.063,0.06,5.33
2024-04-03,30026.502,16785.841,8259.846,22065.443,8816.424,6719.143,42611.289,30439.714,12154.845,8438.483,20000.0,8325.792,2000.0,8000.0,6093.844,18000.0,3000.0,12203.079,10364.936,20740.348,5841.527,3923.631,1.066,2.665,1.599,3.198,4.53,5.063,0.06,5.33
2024-04-04,30055.874,16807.479,8261.124,22032.459,8892.472,6730.879,42533.131,30456.769,12170.605,8603.459,20000.0,8323.81,2000.0,8000.0,6100.534,18000.0,3000.0,12206.953,10366.349,20745.48,5843.723,3925.0,1.066,2.665,1.599,3.198,4.53,5.063,0.048,5.33
2024-04-05,30028.321,16752.184,8270.173,22102.733,8919.635,6708.966,42512.929,30434.0,12162.186,8669.235,20000.0,8321.828,2000.0,8000.0,6107.337,18000.0,3000.0,12210.829,10367.748,20750.203,5845.662,3926.287,1.066,2.665,1.599,3.198,4.53,5.063,0.055,5.33
2024-04-08,30019.009,16785.079,8266.651,22033.161,8916.131,6666.863,42528.091,30448.226,12167.997,8554.725,20000.0,8319.846,2000.0,8000.0,6117.286,18000.0,3000.0,12214.705,10369.075,20754.179,5846.899,3926.998,1.066,2.665,1.599,3.198,4.53,5.063,0.08,5.33
2024-04-09,30018.197,16753.072,8281.936,22067.016,8969.927,6658.711,42536.134,30455.472,12169.727,8605.5,20000.0,8317.865,2000.0,8000.0,6117.256,18000.0,3000.0,12218.583,10370.411,20758.496,5848.281,3927.971,1.066,2.665,1.599,3.198,4.53,5.063,0.074,5.33
2024-04-10,30005.826,16704.94,8269.653,22036.101,8988.991,6682.581,42508.884,30453.652,12169.53,8575.77,20000.0,8315.885,2000.0,8000.0,6113.167,18000.0,3000.0,12222.462,10371.746,20762.828,5849.636,3928.911,1.066,2.665,1.599,3.198,4.53,5.063,0.069,5.33
2024-04-11,30032.061,16720.998,8274.915,22042.264,8874.336,6737.058,42518.584,30424.059,12170.877,8600.549,20000.0,8313.905,2000.0,8000.0,6120.0,18000.0,3000.0,12226.342,10373.15,20767.473,5851.608,3930.16,1.066,2.665,1.599,3.198,4.53,5.063,0.055,5.33
2024-04-12,30055.18,16677.733,8255.18,22049.967,8794.043,6811.298,42470.205,30449.258,12174.465,8589.058,20000.0,8311.926,2000.0,8000.0,6121.287,18000.0,3000.0,12230.223,10374.525,20772.181,5853.487,3931.173,1.066,2.665,1.599,3.198,4.53,5.063,0.06,5.33
2024-04-15,30130.134,16638.471,8242.319,22082.782,8770.017,6856.896,42466.692,30483.07,12164.731,8652.631,20000.0,8309.947,2000.0,8000.0,6122.346,18000.0,3000.0,12234.106,10375.931,20777.271,5855.78,3932.446,1.066,2.665,1.599,3.198,4.53,5.063,0.045,5.33
2024-04-16,30123.91,16594.281,8253.991,22185.683,8800.465,6954.501,42525.83,30471.672,12163.153,8805.264,20000.0,8307.968,2000.0,8000.0,6123.066,18000.0,3000.0,12237.99,10377.369,20782.629,5858.33,3933.889,1.066,2.665,1.599,3.198,4.53,5.063,0.034,5.33
2024-04-17,30175.865,16595.096,8248.32,22245.497,8863.421,6967.116,42470.211,30471.796,12154.838,9069.877,20000.0,8305.99,2000.0,8000.0,6135.523,18000.0,3000.0,12241.875,10378.745,20787.407,5860.278,3934.98,1.066,2.665,1.599,3.198,4.53,5.063,0.053,5.33
2024-04-18,30156.771,16597.256,8239.373,22128.846,8813.98,6999.603,42405.389,30486.833,12168.999,8963.932,20000.0,8304.012,2000.0,8000.0,6147.574,18000.0,3000.0,12245.761,10380.159,20792.571,5862.544,3936.377,1.066,2.665,1.599,3.198,4.53,5.063,0.043,5.33
2024-04-19,30135.828,16622.646,8220.5,22003.989,8823.137,6994.219,42389.571,30478.425,12182.078,8837.553,20000.0,8302.035,2000.0,8000.0,6139.696,18000.0,3000.0,12249.648,10381.546,20797.152,5864.327,3937.488,1.066,2.665,1.599,3.198,4.53,5.063,0.059,5.33
2024-04-22,30203.392,16645.824,8211.621,21917.596,8820.25,6955.535,42328.813,30460.79,12169.909,8892.802,20000.0,8300.058,2000.0,8000.0,6144.618,18000.0,3000.0,12253.537,10382.847,20801.312,5865.696,3938.177,1.066,2.665,1.599,3.198,4.53,5.063,0.077,5.33
2024-04-23,30185.782,16662.414,8216.252,22001.438,8862.115,6902.323,42374.061,30475.793,12152.968,8938.237,20000.0,8298.082,2000.0,8000.0,6151.391,18000.0,3000.0,12257.427,10384.123,20805.554,5867.054,3938.943,1.066,2.665,1.599,3.198,4.53,5.063,0.078,5.33
2024-04-24,30186.291,16680.412,8261.261,21813.994,8812.538,6907.565,42327.427,30460.753,12150.659,8839.735,20000.0,8296.107,2000.0,8000.0,6151.302,18000.0,3000.0,12261.319,10385.422,20809.932,5867.951,3939.596,1.066,2.665,1.599,3.198,4.53,5.063,0.082,5.33
2024-04-25,30154.006,16723.565,8269.199,21754.459,8835.086,6790.235,42297.224,30434.083,12169.75,8758.792,20000.0,8294.131,2000.0,8000.0,6162.219,18000.0,3000.0,12265.211,10386.64,20813.296,5868.367,3939.466,1.066,2.665,1.599,3.198,4.53,5.063,0.102,5.33
2024-04-26,30153.17,16655.259,8308.909,21758.574,8844.354,6711.336,42224.572,30463.957,12175.228,8711.535,20000.0,8292.156,2000.0,8000.0,6166.742,18000.0,3000.0,12269.105,10387.86,20816.742,5868.709,3939.97,1.066,2.665,1.599,3.198,4.53,5.063,0.093,5.33
2024-04-29,30193.229,16694.178,8286.399,21865.884,8784.051,6747.256,42208.431,30428.319,12191.308,8901.775,20000.0,8290.182,2000.0,8000.0,6176.019,18000.0,3000.0,12273.0,10389.141,20820.575,5870.106,3940.791,1.066,2.665,1.599,3.198,4.53,5.063,0.081,5.33
2024-04-30,30215.099,16713.262,8282.246,21889.191,8831.823,6704.935,42287.345,30413.147,12199.201,8912.824,20000.0,8288.208,2000.0,8000.0,6187.275,18000.0,3000.0,12276.896,10390.488,20824.957,5872.059,3941.735,1.066,2.665,1.599,3.198,4.53,5.063,0.062,5.33
2024-05-01,30138.79,16711.967,8305.378,21986.755,8763.098,6681.483,42292.768,30430.043,12197.874,8852.873,20000.0,8286.235,2000.0,8000.0,6191.529,18000.0,3000.0,12280.793,10391.834,20829.672,5874.096,3942.763,1.066,2.665,1.599,3.198,4.53,5.063,0.062,5.33
2024-05-02,30106.184,16794.856,8294.16,22140.78,8793.274,6738.946,42257.218,30446.4,12211.622,9140.047,20000.0,8284.262,2000.0,8000.0,6186.656,18000.0,3000.0,12284.692,10393.127,20833.451,5875.305,3943.455,1.066,2.665,1.599,3.198,4.53,5.063,0.079,5.33
2024-05-03,30086.229,16750.756,8288.93,22151.041,8782.703,6797.326,42235.07,30444.487,12200.938,9184.718,20000.0,8282.29,2000.0,8000.0,6201.926,18000.0,3000.0,12288.592,10394.379,20837.296,5876.013,3943.828,1.066,2.665,1.599,3.198,4.53,5.063,0.088,5.33
2024-05-06,30110.653,16805.251,8303.583,22157.874,8833.619,6739.775,42277.062,30450.133,12215.366,9209.607,20000.0,8280.318,2000.0,8000.0,6189.239,18000.0,3000.0,12292.493,10395.698,20841.301,5877.18,3944.559,1.066,2.665,1.599,3.198,4.53,5.063,0.073,5.33
2024-05-07,30115.17,16836.15,8319.536,22121.54,8855.243,6667.86,42305.54,30454.265,12227.759,9148.048,20000.0,8278.346,2000.0,8000.0,6202.065,18000.0,3000.0,12296.395,10397.059,20845.715,5878.834,3945.53,1.066,2.665,1.599,3.198,4.53,5.063,0.06,5.33
2024-05-08,30154.1,16859.785,8333.694,22119.175,8876.768,6688.351,42363.535,30449.238,12203.718,9241.631,20000.0,8276.375,2000.0,8000.0,6202.324,18000.0,3000.0,12300.299,10398.434,20850.487,5880.495,3946.642,1.066,2.665,1.599,3.198,4.53,5.063,0.054,5.33
2024-05-09,30166.614,16824.485,8321.861,22034.461,8844.792,6777.777,42279.266,30473.329,12185.253,9276.57,20000.0,8274.404,2000.0,8000.0,6214.629,18000.0,3000.0,12304.204,10399.797,20854.807,5882.442,3947.76,1.066,2.665,1.599,3.198,4.53,5.063,0.059,5.33
2024-05-10,30150.881,16786.907,8347.742,22049.636,8940.538,6795.763,42258.677,30466.056,12181.348,9417.229,20000.0,8272.434,2000.0,8000.0,6216.166,18000.0,3000.0,12308.11,10401.172,20859.616,5884.412,3948.866,1.066,2.665,1.599,3.198,4.53,5.063,0.056,5.33
2024-05-13,30135.645,16816.226,8347.326,22195.659,8918.07,6820.902,42251.39,30496.896,12178.409,9579.471,20000.0,8270.465,2000.0,8000.0,6230.784,18000.0,3000.0,12312.017,10402.523,20864.038,5885.892,3949.954,1.066,2.665,1.599,3.198,4.53,5.063,0.06,5.33
2024-05-14,30135.526,16802.039,8310.666,22204.516,8916.062,6842.093,42239.029,30524.748,12168.888,9562.076,20000.0,8268.496,2000.0,8000.0,6236.409,18000.0,3000.0,12315.926,10403.872,20868.516,5887.47,3950.84,1.066,2.665,1.599,3.198,4.53,5.063,0.063,5.33
2024-05-15,30134.607,16787.36,8300.415,22212.356,8937.289,6794.537,42217.078,30519.941,12168.406,9559.387,20000.0,8266.527,2000.0,8000.0,6244.941,18000.0,3000.0,12319.836,10405.23,20873.061,5889.224,3951.749,1.066,2.665,1.599,3.198,4.53,5.063,0.059,5.33
2024-05-16,30171.565,16778.729,8344.821,22294.973,8966.902,6818.02,42264.324,30540.85,12179.312,9718.916,20000.0,8264.559,2000.0,8000.0,6269.205,18000.0,3000.0,12323.747,10406.572,20877.557,5890.828,3952.789,1.066,2.665,1.599,3.198,4.53,5.063,0.059,5.33
2024-05-17,30178.824,16760.559,8333.523,22269.416,8961.257,6803.814,42262.72,30535.52,12194.332,9637.722,20000.0,8262.591,2000.0,8000.0,6257.834,18000.0,3000.0,12327.659,10407.915,20881.974,5892.537,3953.706,1.066,2.665,1.599,3.198,4.53,5.063,0.061,5.33
2024-05-20,30183.819,16728.769,8367.968,22257.658,8981.55,6740.257,42221.565,30586.855,12195.466,9587.735,20000.0,8260.624,2000.0,8000.0,6260.652,18000.0,3000.0,12331.573,10409.271,20886.418,5894.022,3954.748,1.066,2.665,1.599,3.198,4.53,5.063,0.06,5.33
2024-05-21,30210.572,16708.879,8329.962,22150.438,9060.971,6772.95,42216.725,30599.375,12197.614,9554.815,20000.0,8258.657,2000.0,8000.0,6257.926,18000.0,3000.0,12335.487,10410.613,20890.513,5895.465,3955.704,1.066,2.665,1.599,3.198,4.53,5.063,0.066,5.33
2024-05-22,30174.509,16740.349,8320.68,22027.638,9064.578,6769.242,42218.909,30592.577,12193.16,9443.945,20000.0,8256.69,2000.0,8000.0,6268.881,18000.0,3000.0,12339.403,10411.869,20893.953,5896.033,3956.037,1.066,2.665,1.599,3.198,4.53,5.063,0.088,5.33
2024-05-23,30159.314,16715.238,8333.651,22038.337,9045.436,6815.568,42243.413,30615.618,12200.178,9382.136,20000.0,8254.725,2000.0,8000.0,6245.205,18000.0,3000.0,12343.321,10413.106,20897.511,5896.816,3956.424,1.066,2.665,1.599,3.198,4.53,5.063,0.091,5.33
2024-05-24,30195.794,16707.26,8334.029,22202.002,9088.284,6827.897,42260.01,30618.833,12217.148,9598.264,20000.0,8252.759,2000.0,8000.0,6244.509,18000.0,3000.0,12347.239,10414.404,20901.146,5897.414,3956.981,1.066,2.665,1.599,3.198,4.53,5.063,0.087,5.33
2024-05-27,30214.38,16766.895,8323.865,22247.831,8985.779,6733.429,42292.351,30627.573,12225.892,9482.23,20000.0,8250.794,2000.0,8000.0,6255.5,18000.0,3000.0,12351.159,10415.738,20905.474,5898.997,3957.87,1.066,2.665,1.599,3.198,4.53,5.063,0.062,5.33
2024-05-28,30218.568,16815.058,8313.347,22187.226,9046.156,6807.282,42356.223,30616.706,12234.396,9546.504,20000.0,8248.83,2000.0,8000.0,6259.941,18000.0,3000.0,12355.08,10417.05,20909.407,5900.549,3958.81,1.066,2.665,1.599,3.198,4.53,5.063,0.067,5.33
2024-05-29,30187.704,16785.578,8314.425,22238.942,9056.282,6774.701,42291.657,30612.481,12250.015,9583.18,20000.0,8246.866,2000.0,8000.0,6267.564,18000.0,3000.0,12359.002,10418.444,20914.183,5902.592,3960.093,1.066,2.665,1.599,3.198,4.53,5.063,0.042,5.33
2024-05-30,30150.838,16794.057,8298.065,22186.114,8995.974,6757.859,42265.545,30576.48,12276.086,9437.002,20000.0,8244.902,2000.0,8000.0,6254.182,18000.0,3000.0,12362.926,10419.877,20919.41,5904.968,3961.475,1.066,2.665,1.599,3.198,4.53,5.063,0.028,5.33
2024-05-31,30147.513,16751.812,8295.592,22080.28,8966.038,6792.944,42272.736,30582.327,12281.502,9268.925,20000.0,8242.939,2000.0,8000.0,6247.401,18000.0,3000.0,12366.85,10421.276,20924.292,5907.066,3962.677,1.066,2.665,1.599,3.198,4.53,5.063,0.043,5.33
2024-06-03,30175.764,16771.797,8258.882,22081.071,8904.63,6852.901,42316.693,30583.003,12291.934,9231.518,20000.0,8240.977,2000.0,8000.0,6248.303,18000.0,3000.0,12370.776,10422.631,20928.681,5908.634,3963.685,1.066,2.665,1.599,3.198,4.53,5.063,0.054,5.33
2024-06-04,30186.262,16803.777,8247.27,22041.097,8807.589,6852.8,42313.75,30591.638,12296.28,9137.521,20000.0,8239.014,2000.0,8000.0,6264.704,18000.0,3000.0,12374.704,10424.004,20933.076,5910.377,3964.658,1.066,2.665,1.599,3.198,4.53,5.063,0.053,5.33
2024-06-05,30192.331,16847.333,8231.044,22111.712,8863.384,6996.103,42383.756,30585.395,12293.807,9386.024,20000.0,8237.053,2000.0,8000.0,6265.495,18000.0,3000.0,12378.632,10425.422,20938.13,5912.546,3965.934,1.066,2.665,1.599,3.198,4.53,5.063,0.034,5.33
2024-06-06,30167.07,16895.054,8229.965,22116.447,8906.142,7005.239,42282.238,30590.64,12313.936,9531.846,20000.0,8235.092,2000.0,8000.0,6251.272,18000.0,3000.0,12382.562,10426.845,20943.117,5914.693,3967.247,1.066,2.665,1.599,3.198,4.53,5.063,0.033,5.33
2024-06-07,30178.82,16885.489,8244.714,22186.301,8864.122,7076.851,42212.119,30575.814,12324.548,9734.634,20000.0,8233.131,2000.0,8000.0,6257.455,18000.0,3000.0,12386.493,10428.265,20948.166,5916.865,3968.569,1.066,2.665,1.599,3.198,4.53,5.063,0.029,5.33
2024-06-10,30150.966,16879.468,8231.047,22267.922,8849.035,7093.457,42185.216,30573.778,12301.513,9831.375,20000.0,8231.171,2000.0,8000.0,6260.731,18000.0,3000.0,12390.425,10429.653,20952.947,5918.796,3969.722,1.066,2.665,1.599,3.198,4.53,5.063,0.041,5.33
2024-06-11,30160.022,16837.61,8248.603,22331.296,8778.055,6994.285,42172.759,30555.616,12304.243,9730.587,20000.0,8229.211,2000.0,8000.0,6248.185,18000.0,3000.0,12394.358,10430.962,20957.214,5919.794,3970.34,1.066,2.665,1.599,3.198,4.53,5.063,0.071,5.33
2024-06-12,30186.913,16872.29,8266.28,22319.334,8812.28,6968.608,42143.876,30551.821,12297.381,9853.295,20000.0,8227.251,2000.0,8000.0,6249.627,18000.0,3000.0,12398.293,10432.262,20961.137,5920.878,3971.004,1.066,2.665,1.599,3.198,4.53,5.063,0.072,5.33
2024-06-13,30230.667,16889.55,8265.391,22272.941,8696.262,7030.913,42108.897,30560.846,12293.025,9827.865,20000.0,8225.293,2000.0,8000.0,6227.972,18000.0,3000.0,12402.229,10433.597,20965.52,5922.313,3971.868,1.066,2.665,1.599,3.198,4.53,5.063,0.061,5.33
2024-06-14,30227.736,16916.397,8269.293,22242.373,8675.046,7150.886,42184.499,30555.126,12288.129,9882.027,20000.0,8223.334,2000.0,8000.0,6245.217,18000.0,3000.0,12406.166,10434.97,20970.152,5924.157,3972.989,1.066,2.665,1.599,3.198,4.53,5.063,0.047,5.33
2024-06-17,30174.79,16882.607,8278.584,22120.836,8701.613,7122.27,42208.541,30555.673,12273.006,9668.089,20000.0,8221.376,2000.0,8000.0,6235.88,18000.0,3000.0,12410.105,10436.341,20974.89,5925.825,3974.018,1.066,2.665,1.599,3.198,4.53,5.063,0.048,5.33
2024-06-18,30220.244,16876.76,8254.025,22013.508,8588.361,7091.462,42214.736,30562.666,12280.008,9415.746,20000.0,8219.419,2000.0,8000.0,6234.168,18000.0,3000.0,12414.045,10437.704,20979.463,5927.51,3975.113,1.066,2.665,1.599,3.198,4.53,5.063,0.048,5.33
2024-06-19,30302.084,16907.222,8248.025,21985.542,8688.413,7111.22,42143.134,30554.24,12279.544,9689.097,20000.0,8217.462,2000.0,8000.0,6222.985,18000.0,3000.0,12417.986,10439.106,20984.367,5929.575,3976.326,1.066,2.665,1.599,3.198,4.53,5.063,0.036,5.33
2024-06-20,30254.039,16853.236,8241.8,22075.352,8598.244,6947.594,42154.383,30549.562,12260.077,9453.282,20000.0,8215.505,2000.0,8000.0,6240.618,18000.0,3000.0,12421.928,10440.493,20989.169,5931.34,3977.477,1.066,2.665,1.599,3.198,4.53,5.063,0.041,5.33
2024-06-21,30233.748,16908.417,8244.971,21983.623,8552.952,6931.234,42228.502,30575.411,12260.027,9239.228,20000.0,8213.549,2000.0,8000.0,6235.901,18000.0,3000.0,12425.871,10441.903,20994.165,5933.411,3978.738,1.066,2.665,1.599,3.198,4.53,5.063,0.03,5.33
2024-06-24,30276.053,16881.635,8258.761,21994.291,8554.587,6822.008,42226.945,30559.167,12265.166,9185.751,20000.0,8211.593,2000.0,8000.0,6231.472,18000.0,3000.0,12429.816,10443.281,20998.778,5935.229,3979.776,1.066,2.665,1.599,3.198,4.53,5.063,0.048,5.33
2024-06-25,30325.908,16844.767,8265.073,22040.225,8599.388,6861.704,42192.612,30551.302,12264.587,9379.929,20000.0,8209.638,2000.0,8000.0,6227.242,18000.0,3000.0,12433.762,10444.605,21002.938,5936.471,3980.556,1.066,2.665,1.599,3.198,4.53,5.063,0.062,5.33
2024-06-26,30357.575,16806.86,8271.904,21897.461,8568.521,6811.534,42180.143,30535.797,12258.402,9196.863,20000.0,8207.684,2000.0,8000.0,6227.326,18000.0,3000.0,12437.709,10445.886,21007.038,5937.812,3981.046,1.066,2.665,1.599,3.198,4.53,5.063,0.075,5.33
2024-06-27,30394.172,16718.139,8290.613,21872.897,8553.214,6772.424,42126.174,30545.665,12234.091,9155.59,20000.0,8205.729,2000.0,8000.0,6224.132,18000.0,3000.0,12441.658,10447.183,21011.273,5938.929,3981.856,1.066,2.665,1.599,3.198,4.53,5.063,0.067,5.33
2024-06-28,30436.211,16713.405,8294.815,21841.102,8565.366,6795.515,42157.354,30535.935,12228.983,9178.108,20000.0,8203.776,2000.0,8000.0,6212.135,18000.0,3000.0,12445.607,10448.497,21015.156,5939.914,3982.381,1.066,2.665,1.599,3.198,4.53,5.063,0.072,5.33
2024-07-01,30432.793,16755.938,8290.929,21654.492,8519.437,6805.603,42081.675,30540.328,12220.488,9081.471,20000.0,8201.822,2000.0,8000.0,6217.035,18000.0,3000.0,12449.558,10449.812,21018.997,5940.474,3983.011,1.066,2.665,1.599,3.198,4.53,5.063,0.069,5.33
2024-07-02,30407.706,16818.895,8306.086,21844.874,8545.096,6817.945,42036.193,30524.305,12217.966,9442.138,20000.0,8199.87,2000.0,8000.0,6226.359,18000.0,3000.0,12453.511,10451.134,21023.272,5941.85,3983.731,1.066,2.665,1.599,3.198,4.53,5.063,0.063,5.33
2024-07-03,30383.44,16922.457,8305.304,22019.295,8475.452,6793.811,42022.881,30506.977,12213.029,9626.453,20000.0,8197.917,2000.0,8000.0,6210.035,18000.0,3000.0,12457.464,10452.481,21027.482,5943.211,3984.655,1.066,2.665,1.599,3.198,4.53,5.063,0.058,5.33
2024-07-04,30408.435,16919.061,8297.471,21993.014,8453.939,6940.351,42052.482,30505.231,12213.059,9726.202,20000.0,8195.965,2000.0,8000.0,6219.25,18000.0,3000.0,12461.419,10453.858,21032.123,5945.008,3985.718,1.066,2.665,1.599,3.198,4.53,5.063,0.043,5.33
2024-07-05,30421.039,16928.251,8268.801,21988.302,8503.376,6894.717,42084.205,30524.444,12206.742,9659.883,20000.0,8194.014,2000.0,8000.0,6199.428,18000.0,3000.0,12465.375,10455.264,21037.049,5947.082,3986.965,1.066,2.665,1.599,3.198,4.53,5.063,0.028,5.33
2024-07-08,30445.72,16907.918,8267.498,22072.494,8569.68,6958.884,42043.166,30530.954,12225.403,9885.95,20000.0,8192.063,2000.0,8000.0,6186.011,18000.0,3000.0,12469.332,10456.638,21041.796,5948.86,3987.998,1.066,2.665,1.599,3.198,4.53,5.063,0.042,5.33
2024-07-09,30455.538,16936.238,8237.416,22187.635,8568.05,6904.379,42088.889,30534.879,12232.689,9899.498,20000.0,8190.113,2000.0,8000.0,6183.52,18000.0,3000.0,12473.291,10458.023,21046.544,5950.79,3989.05,1.066,2.665,1.599,3.198,4.53,5.063,0.043,5.33
2024-07-10,30511.033,16924.218,8262.967,22235.839,8550.612,6858.899,42044.405,30546.302,12233.116,9999.122,20000.0,8188.162,2000.0,8000.0,6190.29,18000.0,3000.0,12477.25,10459.384,21051.036,5952.341,3990.031,1.066,2.665,1.599,3.198,4.53,5.063,0.048,5.33
2024-07-11,30566.346,16959.44,8265.204,22456.885,8574.376,6781.461,42011.459,30541.558,12219.368,10316.63,20000.0,8186.213,2000.0,8000.0,6190.305,18000.0,3000.0,12481.211,10460.719,21055.183,5953.382,3990.717,1.066,2.665,1.599,3.198,4.53,5.063,0.062,5.33
2024-07-12,30506.832,16977.243,8269.111,22416.353,8541.637,6805.725,42027.217,30547.824,12217.558,10218.52,20000.0,8184.264,2000.0,8000.0,6193.306,18000.0,3000.0,12485.174,10462.098,21059.696,5955.263,3991.73,1.066,2.665,1.599,3.198,4.53,5.063,0.041,5.33
2024-07-15,30489.804,16926.925,8267.822,22483.028,8379.306,6820.218,42036.339,30550.9,12224.633,10063.123,20000.0,8182.315,2000.0,8000.0,6201.071,18000.0,3000.0,12489.137,10463.483,21064.442,5957.071,3992.868,1.066,2.665,1.599,3.198,4.53,5.063,0.034,5.33
2024-07-16,30486.694,16985.982,8277.307,22474.996,8387.766,6871.588,41925.623,30573.211,12218.309,10268.442,20000.0,8180.367,2000.0,8000.0,6188.516,18000.0,3000.0,12493.102,10464.862,21068.991,5958.838,3993.971,1.066,2.665,1.599,3.198,4.53,5.063,0.04,5.33
2024-07-17,30521.563,16978.575,8304.755,22590.276,8397.672,6887.124,41907.411,30564.299,12217.329,10496.025,20000.0,8178.419,2000.0,8000.0,6186.451,18000.0,3000.0,12497.068,10466.222,21073.403,5960.377,3994.92,1.066,2.665,1.599,3.198,4.53,5.063,0.048,5.33
2024-07-18,30587.014,16953.443,8316.361,22579.075,8404.483,6910.816,41840.142,30549.456,12179.811,10703.231,20000.0,8176.472,2000.0,8000.0,6196.886,18000.0,3000.0,12501.035,10467.577,21077.817,5961.885,3995.884,1.066,2.665,1.599,3.198,4.53,5.063,0.045,5.33
2024-07-19,30584.093,16920.111,8332.129,22541.493,8415.362,6814.34,41810.722,30528.968,12176.214,10610.102,20000.0,8174.525,2000.0,8000.0,6187.999,18000.0,3000.0,12505.004,10468.899,21081.928,5963.106,3996.589,1.066,2.665,1.599,3.198,4.53,5.063,0.06,5.33
2024-07-22,30524.162,16935.998,8306.044,22487.739,8448.581,6812.404,41854.196,30536.104,12163.592,10483.812,20000.0,8172.579,2000.0,8000.0,6186.381,18000.0,3000.0,12508.974,10470.209,21085.867,5964.201,3997.267,1.066,2.665,1.599,3.198,4.53,5.063,0.062,5.33
2024-07-23,30491.571,16983.445,8310.247,22500.618,8584.907,6759.157,41894.574,30554.786,12133.925,10570.225,20000.0,8170.633,2000.0,8000.0,6181.253,18000.0,3000.0,12512.945,10471.56,21090.217,5965.832,3998.161,1.066,2.665,1.599,3.198,4.53,5.063,0.047,5.33
2024-07-24,30480.48,16924.796,8303.241,22568.152,8646.786,6777.451,41898.967,30558.694,12131.808,10637.487,20000.0,8168.688,2000.0,8000.0,6177.82,18000.0,3000.0,12516.917,10472.937,21094.764,5967.621,3999.232,1.066,2.665,1.599,3.198,4.53,5.063,0.038,5.33
2024-07-25,30496.47,16868.087,8300.792,22580.957,8658.591,6699.297,41896.204,30583.552,12127.139,10525.35,20000.0,8166.743,2000.0,8000.0,6173.902,18000.0,3000.0,12520.891,10474.274,21099.093,5969.107,4000.14,1.066,2.665,1.599,3.198,4.53,5.063,0.051,5.33
2024-07-26,30527.359,16909.38,8289.846,22509.028,8718.117,6726.813,41834.577,30584.497,12125.241,10661.717,20000.0,8164.798,2000.0,8000.0,6165.421,18000.0,3000.0,12524.866,10475.601,21103.442,5970.331,4000.886,1.066,2.665,1.599,3.198,4.53,5.063,0.058,5.33
2024-07-29,30565.041,16920.284,8296.712,22702.924,8738.037,6673.479,41879.41,30577.701,12117.295,10855.746,20000.0,8162.854,2000.0,8000.0,6167.686,18000.0,3000.0,12528.842,10476.975,21108.112,5972.044,4002.003,1.066,2.665,1.599,3.198,4.53,5.063,0.035,5.33
2024-07-30,30556.89,16959.379,8281.133,22635.406,8731.587,6698.464,41881.993,30582.728,12129.038,10805.326,20000.0,8160.911,2000.0,8000.0,6164.318,18000.0,3000.0,12532.819,10478.299,21112.183,5973.434,4002.775,1.066,2.665,1.599,3.198,4.53,5.063,0.055,5.33
2024-07-31,30557.255,16944.915,8272.777,22682.616,8717.198,6653.485,41876.648,30601.039,12141.775,10755.043,20000.0,8158.968,2000.0,8000.0,6168.428,18000.0,3000.0,12536.798,10479.602,21116.142,5974.667,4003.392,1.066,2.665,1.599,3.198,4.53,5.063,0.063,5.33
2024-08-01,30631.521,16984.508,8293.055,22788.725,8736.068,6616.991,41908.071,30619.094,12132.034,10949.721,20000.0,8157.025,2000.0,8000.0,6174.299,18000.0,3000.0,12540.778,10480.876,21119.481,5975.17,4003.682,1.066,2.665,1.599,3.198,4.53,5.063,0.079,5.33
2024-08-02,30646.148,16970.252,8275.76,22942.132,8771.239,6587.493,41897.757,30605.501,12122.515,11133.212,20000.0,8155.083,2000.0,8000.0,6176.283,18000.0,3000.0,12544.759,10482.152,21123.043,5975.919,4004.099,1.066,2.665,1.599,3.198,4.53,5.063,0.071,5.33
2024-08-05,30701.126,16941.879,8284.396,23095.011,8696.288,6575.142,41863.92,30630.138,12131.119,11222.679,20000.0,8153.141,2000.0,8000.0,6158.414,18000.0,3000.0,12548.742,10483.464,21126.955,5976.734,4004.546,1.066,2.665,1.599,3.198,4.53,5.063,0.066,5.33
2024-08-06,30690.84,16937.132,8277.133,23139.641,8725.267,6626.723,41820.446,30627.051,12145.027,11359.002,20000.0,8151.2,2000.0,8000.0,6153.264,18000.0,3000.0,12552.725,10484.807,21131.239,5977.968,4005.289,1.066,2.665,1.599,3.198,4.53,5.063,0.052,5.33
2024-08-07,30715.173,16910.683,8287.355,23375.117,8762.21,6779.892,41872.14,30618.729,12151.63,11748.517,20000.0,8149.259,2000.0,8000.0,6153.136,18000.0,3000.0,12556.71,10486.043,21134.585,5978.269,4005.513,1.066,2.665,1.599,3.198,4.53,5.063,0.083,5.33
2024-08-08,30748.66,16946.815,8293.236,23514.305,8722.166,6748.429,41862.111,30587.765,12147.467,11947.135,20000.0,8147.319,2000.0,8000.0,6157.49,18000.0,3000.0,12560.697,10487.295,21137.9,5978.859,4005.854,1.066,2.665,1.599,3.198,4.53,5.063,0.078,5.33
2024-08-09,30725.046,16912.477,8295.657,23465.24,8736.233,6764.813,41838.391,30589.067,12143.933,11904.396,20000.0,8145.379,2000.0,8000.0,6157.018,18000.0,3000.0,12564.684,10488.476,21140.769,5979.137,4005.932,1.066,2.665,1.599,3.198,4.53,5.063,0.094,5.33
2024-08-12,30776.909,16949.203,8290.673,23353.635,8740.175,6770.614,41801.14,30594.948,12128.627,11947.994,20000.0,8143.44,2000.0,8000.0,6166.266,18000.0,3000.0,12568.673,10489.744,21143.829,5979.688,4006.448,1.066,2.665,1.599,3.198,4.53,5.063,0.081,5.33
2024-08-13,30653.02,16989.73,8320.142,23405.931,8748.309,6797.838,41814.77,30567.757,12125.327,11995.864,20000.0,8141.501,2000.0,8000.0,6157.585,18000.0,3000.0,12572.663,10491.017,21147.05,5980.284,4006.729,1.066,2.665,1.599,3.198,4.53,5.063,0.08,5.33
2024-08-14,30614.633,17102.265,8307.528,23491.52,8656.554,6686.381,41898.034,30571.374,12120.786,11861.593,20000.0,8139.562,2000.0,8000.0,6155.815,18000.0,3000.0,12576.654,10492.331,21151.092,5981.6,4007.364,1.066,2.665,1.599,3.198,4.53,5.063,0.057,5.33
2024-08-15,30669.7,17157.976,8294.621,23648.49,8733.767,6743.218,41941.789,30551.435,12099.473,12253.787,20000.0,8137.624,2000.0,8000.0,6155.69,18000.0,3000.0,12580.647,10493.671,21155.292,5982.854,4008.175,1.066,2.665,1.599,3.198,4.53,5.063,0.053,5.33
2024-08-16,30677.098,17181.655,8300.579,23719.678,8813.459,6760.126,41915.98,30548.835,12104.007,12490.317,20000.0,8135.687,2000.0,8000.0,6157.591,18000.0,3000.0,12584.641,10494.965,21159.195,5983.923,4008.75,1.066,2.665,1.599,3.198,4.53,5.063,0.066,5.33
2024-08-19,30727.118,17099.857,8272.0,23811.655,8784.875,6758.706,41847.772,30558.772,12101.127,12568.894,20000.0,8133.75,2000.0,8000.0,6167.468,18000.0,3000.0,12588.636,10496.29,21163.569,5985.202,4009.624,1.066,2.665,1.599,3.198,4.53,5.063,0.05,5.33
2024-08-20,30758.461,17067.721,8281.608,23948.614,8659.552,6654.096,41837.956,30570.934,12083.987,12508.956,20000.0,8131.813,2000.0,8000.0,6170.961,18000.0,3000.0,12592.632,10497.603,21167.403,5986.187,4010.103,1.066,2.665,1.599,3.198,4.53,5.063,0.064,5.33
2024-08-21,30827.11,17070.563,8287.666,24068.726,8627.311,6582.688,41849.474,30594.359,12051.933,12594.942,20000.0,8129.877,2000.0,8000.0,6159.89,18000.0,3000.0,12596.63,10498.921,21170.947,5987.249,4010.611,1.066,2.665,1.599,3.198,4.53,5.063,0.068,5.33
2024-08-22,30860.679,17109.117,8298.94,24168.136,8592.107,6574.163,41858.217,30587.943,12063.655,12715.483,20000.0,8127.941,2000.0,8000.0,6149.468,18000.0,3000.0,12600.629,10500.248,21175.061,5988.486,4011.342,1.066,2.665,1.599,3.198,4.53,5.063,0.054,5.33
2024-08-23,30878.508,17139.097,8313.241,24161.202,8605.932,6561.908,41964.606,30562.464,12066.883,12685.861,20000.0,8126.006,2000.0,8000.0,6141.303,18000.0,3000.0,12604.629,10501.579,21179.263,5989.749,4012.247,1.066,2.665,1.599,3.198,4.53,5.063,0.049,5.33
2024-08-26,30872.958,17153.106,8322.844,24180.686,8608.317,6580.244,41910.868,30542.743,12076.067,12833.905,20000.0,8124.071,2000.0,8000.0,6160.869,18000.0,3000.0,12608.631,10502.928,21183.718,5991.23,4013.188,1.066,2.665,1.599,3.198,4.53,5.063,0.045,5.33
2024-08-27,30942.211,17175.892,8318.912,24259.44,8569.579,6658.882,41923.016,30541.365,12082.93,13022.546,20000.0,8122.137,2000.0,8000.0,6154.444,18000.0,3000.0,12612.633,10504.273,21187.948,5992.72,4014.052,1.066,2.665,1.599,3.198,4.53,5.063,0.047,5.33
2024-08-28,31015.068,17204.02,8316.393,24358.333,8564.353,6676.78,41854.45,30549.855,12084.731,13299.893,20000.0,8120.203,2000.0,8000.0,6157.547,18000.0,3000.0,12616.637,10505.616,21192.385,5994.25,4014.959,1.066,2.665,1.599,3.198,4.53,5.063,0.042,5.33
2024-08-29,31025.716,17269.679,8300.339,24297.672,8537.026,6740.925,41805.645,30529.584,12060.677,13437.434,20000.0,8118.27,2000.0,8000.0,6159.61,18000.0,3000.0,12620.643,10506.983,21196.916,5996.011,4016.028,1.066,2.665,1.599,3.198,4.53,5.063,0.035,5.33
2024-08-30,31069.697,17304.451,8293.724,24308.532,8520.367,6748.126,41857.229,30513.525,12079.685,13460.162,20000.0,8116.337,2000.0,8000.0,6157.391,18000.0,3000.0,12624.649,10508.344,21201.486,5997.738,4017.065,1.066,2.665,1.599,3.198,4.53,5.063,0.035,5.33
2024-09-02,31029.482,17302.233,8276.461,24410.381,8495.397,6736.028,41938.765,30533.143,12069.353,13383.13,20000.0,8114.405,2000.0,8000.0,6160.156,18000.0,3000.0,12628.657,10509.735,21206.185,5999.543,4018.179,1.066,2.665,1.599,3.198,4.53,5.063,0.026,5.33
2024-09-03,31007.177,17279.455,8286.891,24484.651,8537.105,6810.177,41970.126,30547.227,12069.405,13499.447,20000.0,8112.473,2000.0,8000.0,6160.555,18000.0,3000.0,12632.666,10511.141,21211.14,6001.559,4019.381,1.066,2.665,1.599,3.198,4.53,5.063,0.016,5.33
2024-09-04,30974.228,17260.127,8289.184,24463.677,8453.699,6751.782,41997.936,30572.563,12039.767,13273.001,20000.0,8110.541,2000.0,8000.0,6164.434,18000.0,3000.0,12636.676,10512.54,21215.958,6003.425,4020.521,1.066,2.665,1.599,3.198,4.53,5.063,0.022,5.33
2024-09-05,31001.886,17291.847,8283.931,24405.097,8434.197,6795.502,41987.899,30559.064,12032.079,13335.399,20000.0,8108.61,2000.0,8000.0,6169.902,18000.0,3000.0,12640.688,10513.9,21220.299,6004.955,4021.411,1.066,2.665,1.599,3.198,4.53,5.063,0.038,5.33
2024-09-06,31022.471,17238.655,8316.378,24363.703,8470.797,6796.177,41971.429,30559.307,12045.64,13337.116,20000.0,8106.679,2000.0,8000.0,6167.29,18000.0,3000.0,12644.701,10515.293,21225.094,6006.77,4022.562,1.066,2.665,1.599,3.198,4.53,5.063,0.023,5.33
2024-09-09,30982.027,17187.058,8308.539,24462.63,8458.308,6805.619,41925.539,30579.012,12051.553,13365.912,20000.0,8104.749,2000.0,8000.0,6173.869,18000.0,3000.0,12648.715,10516.67,21229.813,6008.473,4023.566,1.066,2.665,1.599,3.198,4.53,5.063,0.029,5.33
2024-09-10,30989.643,17201.857,8319.419,24493.775,8468.343,6784.908,41959.062,30568.504,12048.704,13392.575,20000.0,8102.819,2000.0,8000.0,6160.989,18000.0,3000.0,12652.731,10518.055,21234.488,6010.288,4024.624,1.066,2.665,1.599,3.198,4.53,5.063,0.026,5.33
2024-09-11,31030.049,17163.357,8336.715,24555.277,8473.31,6876.135,41999.535,30550.365,12055.895,13549.64,20000.0,8100.89,2000.0,8000.0,6164.736,18000.0,3000.0,12656.747,10519.451,21239.318,6012.157,4025.79,1.066,2.665,1.599,3.198,4.53,5.063,0.019,5.33
2024-09-12,31007.656,17113.151,8340.484,24441.524,8515.131,6914.667,42015.551,30519.455,12061.555,13469.973,20000.0,8098.961,2000.0,8000.0,6172.117,18000.0,3000.0,12660.765,10520.817,21243.74,6013.644,4026.669,1.066,2.665,1.599,3.198,4.53,5.063,0.035,5.33
2024-09-13,30974.56,17064.39,8322.682,24380.519,8541.411,6932.553,41978.118,30544.046,12054.55,13378.043,20000.0,8097.033,2000.0,8000.0,6170.889,18000.0,3000.0,12664.785,10522.179,21248.171,6015.371,4027.675,1.066,2.665,1.599,3.198,4.53,5.063,0.033,5.33
2024-09-16,30961.536,17036.764,8304.335,24129.716,8631.757,6886.185,42078.733,30563.295,12073.581,12985.533,20000.0,8095.105,2000.0,8000.0,6177.149,18000.0,3000.0,12668.805,10523.494,21252.068,6016.356,4028.426,1.066,2.665,1.599,3.198,4.53,5.063,0.055,5.33
2024-09-17,31015.484,17012.841,8309.745,24102.821,8664.851,6955.839,42094.793,30552.36,12049.883,13107.102,20000.0,8093.178,2000.0,8000.0,6162.909,18000.0,3000.0,12672.827,10524.821,21256.293,6017.654,4029.222,1.066,2.665,1.599,3.198,4.53,5.063,0.046,5.33
2024-09-18,30921.619,16977.693,8319.358,24124.808,8630.739,6939.561,42208.488,30556.338,12023.104,12874.372,20000.0,8091.251,2000.0,8000.0,6162.925,18000.0,3000.0,12676.85,10526.129,21260.038,6018.833,4029.696,1.066,2.665,1.599,3.198,4.53,5.063,0.053,5.33
2024-09-19,30905.073,16927.731,8284.785,24032.73,8649.651,6946.205,42210.11,30551.342,12026.116,12714.807,20000.0,8089.324,2000.0,8000.0,6164.65,18000.0,3000.0,12680.875,10527.448,21264.191,6020.082,4030.444,1.064,2.66,1.596,3.192,4.522,5.054,0.051,5.32
2024-09-20,30966.081,16972.652,8305.638,24074.588,8652.578,6881.181,42215.338,30544.743,12042.623,12818.583,20000.0,8087.398,2000.0,8000.0,6171.069,18000.0,3000.0,12684.9,10528.774,21268.468,6021.614,4031.232,1.062,2.655,1.593,3.187,4.514,5.045,0.044,5.311
2024-09-23,30961.537,16874.477,8315.044,23989.03,8623.929,6828.185,42285.07,30553.37,12012.185,12499.06,20000.0,8085.473,2000.0,8000.0,6154.03,18000.0,3000.0,12688.927,10530.071,21272.444,6022.73,4031.892,1.056,2.641,1.585,3.169,4.49,5.018,0.053,5.282
2024-09-24,30871.238,16936.874,8310.894,24076.968,8636.498,6769.828,42325.313,30522.341,12036.137,12489.529,20000.0,8083.548,2000.0,8000.0,6161.612,18000.0,3000.0,12692.956,10531.403,21276.519,6023.876,4032.526,1.055,2.636,1.582,3.164,4.482,5.009,0.052,5.273
2024-09-25,30896.181,16936.084,8272.644,24078.669,8630.874,6758.391,42286.946,30500.866,12009.547,12557.054,20000.0,8081.623,2000.0,8000.0,6166.208,18000.0,3000.0,12696.985,10532.679,21280.167,6024.878,4033.082,1.053,2.632,1.579,3.158,4.474,5.0,0.061,5.263
2024-09-26,30876.562,16989.357,8261.495,24019.993,8674.205,6705.679,42330.538,30513.264,12003.65,12477.324,20000.0,8079.699,2000.0,8000.0,6176.166,18000.0,3000.0,12701.016,10533.978,21284.131,6025.736,4033.566,1.051,2.627,1.576,3.152,4.466,4.991,0.06,5.254
2024-09-27,30912.192,16970.835,8270.711,24069.15,8710.781,6678.761,42352.418,30542.498,12007.609,12510.7,20000.0,8077.775,2000.0,8000.0,6173.522,18000.0,3000.0,12705.048,10535.314,21288.247,6027.052,4034.308,1.049,2.622,1.573,3.147,4.458,4.982,0.047,5.244
2024-09-30,30919.719,17074.601,8257.706,24066.016,8681.952,6684.279,42261.243,30540.923,12014.328,12668.868,20000.0,8075.852,2000.0,8000.0,6167.861,18000.0,3000.0,12709.081,10536.631,21292.419,6028.306,4034.99,1.043,2.608,1.565,3.129,4.433,4.955,0.048,5.216
2024-10-01,30941.381,17076.788,8276.413,24024.732,8726.129,6659.174,42254.786,30531.175,11987.279,12740.653,20000.0,8073.929,2000.0,8000.0,6170.089,18000.0,3000.0,12713.116,10537.944,21296.394,6029.395,4035.71,1.041,2.603,1.562,3.124,4.425,4.946,0.05,5.206
2024-10-02,30904.279,17053.464,8282.073,23974.525,8677.253,6624.911,42314.688,30532.257,11982.405,12489.85,20000.0,8072.007,2000.0,8000.0,6157.551,18000.0,3000.0,12717.152,10539.243,21300.095,6030.02,4036.14,1.039,2.598,1.559,3.118,4.417,4.937,0.063,5.197
2024-10-03,30897.886,17060.765,8273.349,23970.332,8593.339,6597.125,42371.174,30542.735,11993.134,12297.816,20000.0,8070.085,2000.0,8000.0,6160.958,18000.0,3000.0,12721.189,10540.556,21303.964,6031.114,4036.865,1.037,2.594,1.556,3.112,4.409,4.928,0.052,5.187
2024-10-04,30886.843,17043.719,8286.428,23938.717,8560.187,6638.645,42401.406,30576.814,11991.396,12217.904,20000.0,8068.163,2000.0,8000.0,6175.916,18000.0,3000.0,12725.227,10541.888,21307.871,6032.024,4037.528,1.036,2.589,1.553,3.107,4.401,4.919,0.053,5.178
2024-10-07,30864.383,16990.279,8299.892,23835.738,8491.867,6566.412,42334.697,30575.834,11999.078,11983.381,20000.0,8066.242,2000.0,8000.0,6181.395,18000.0,3000.0,12729.267,10543.247,21312.334,6033.578,4038.459,1.03,2.575,1.545,3.089,4.377,4.892,0.033,5.149
2024-10-08,30869.177,16968.512,8281.81,23704.017,8426.534,6613.871,42302.571,30570.587,11983.705,11869.291,20000.0,8064.322,2000.0,8000.0,6193.246,18000.0,3000.0,12733.308,10544.58,21316.47,6034.606,4039.285,1.028,2.57,1.542,3.084,4.369,4.883,0.045,5.14
2024-10-09,30882.494,16993.513,8279.493,23720.248,8357.198,6547.135,42263.037,30559.856,12001.285,11813.248,20000.0,8062.402,2000.0,8000.0,6182.398,18000.0,3000.0,12737.351,10545.926,21320.821,6036.149,4040.19,1.026,2.565,1.539,3.078,4.36,4.874,0.034,5.13
2024-10-10,30933.891,17033.18,8247.087,23715.763,8418.755,6552.885,42275.71,30578.367,12001.537,11897.135,20000.0,8060.482,2000.0,8000.0,6170.276,18000.0,3000.0,12741.394,10547.319,21325.56,6037.955,4041.283,1.024,2.56,1.536,3.072,4.352,4.864,0.016,5.12
2024-10-11,30871.227,17024.392,8257.802,23716.392,8392.012,6486.122,42282.953,30575.214,11999.746,11748.295,20000.0,8058.563,2000.0,8000.0,6171.385,18000.0,3000.0,12745.439,10548.698,21330.261,6039.656,4042.331,1.022,2.555,1.533,3.067,4.344,4.855,0.022,5.111
2024-10-14,30859.782,16975.185,8247.387,23597.668,8343.849,6462.833,42309.679,30574.776,12011.122,11471.206,20000.0,8056.644,2000.0,8000.0,6187.239,18000.0,3000.0,12749.485,10550.037,21334.402,6040.898,4043.1,1.016,2.541,1.525,3.049,4.32,4.828,0.041,5.082
2024-10-15,30912.105,16912.266,8245.01,23559.422,8356.066,6491.294,42268.529,30598.664,12037.06,11464.812,20000.0,8054.726,2000.0,8000.0,6194.095,18000.0,3000.0,12753.533,10551.409,21339.023,6042.515,4044.085,1.015,2.536,1.522,3.044,4.312,4.819,0.026,5.073
2024-10-16,30869.772,16873.732,8234.156,23559.291,8336.618,6466.947,42259.331,30619.957,12044.782,11316.092,20000.0,8052.808,2000.0,8000.0,6194.873,18000.0,3000.0,12757.581,10552.798,21343.732,6044.254,4045.155,1.013,2.532,1.519,3.038,4.304,4.81,0.018,5.063
2024-10-17,30892.812,16869.273,8241.355,23709.721,8327.687,6464.166,42264.784,30620.955,12035.337,11485.687,20000.0,8050.891,2000.0,8000.0,6191.009,18000.0,3000.0,12761.631,10554.188,21348.473,6046.021,4046.241,1.011,2.527,1.516,3.032,4.296,4.801,0.015,5.054
2024-10-18,30922.336,16831.049,8244.517,23756.769,8368.543,6413.261,42335.188,30636.117,12053.818,11431.947,20000.0,8048.974,2000.0,8000.0,6203.887,18000.0,3000.0,12765.683,10555.585,21353.284,6047.887,4047.363,1.009,2.522,1.513,3.027,4.288,4.792,0.008,5.044
2024-10-21,30926.066,16875.645,8224.161,23672.37,8371.974,6429.496,42271.296,30674.305,12073.791,11404.674,20000.0,8047.057,2000.0,8000.0,6201.676,18000.0,3000.0,12769.735,10556.962,21357.935,6049.613,4048.392,1.003,2.508,1.505,3.009,4.263,4.765,0.021,5.016
2024-10-22,30978.592,16929.4,8225.537,23704.144,8318.222,6483.663,42214.527,30650.864,12083.242,11638.934,20000.0,8045.141,2000.0,8000.0,6219.362,18000.0,3000.0,12773.789,10558.35,21362.574,6051.346,4049.431,1.001,2.503,1.502,3.004,4.255,4.756,0.017,5.006
2024-10-23,30941.664,16918.715,8230.486,23820.49,8304.142,6501.512,42272.812,30654.812,12111.537,11634.999,20000.0,8043.226,2000.0,8000.0,6222.533,18000.0,3000.0,12777.844,10559.737,21367.263,6053.069,4050.48,0.999,2.498,1.499,2.998,4.247,4.747,0.015,4.997
2024-10-24,30917.508,16933.58,8207.055,23868.138,8239.791,6413.829,42250.706,30712.157,12113.819,11465.941,20000.0,8041.311,2000.0,8000.0,6222.131,18000.0,3000.0,12781.901,10561.099,21371.726,6054.611,4051.435,0.997,2.494,1.496,2.992,4.239,4.738,0.028,4.987
2024-10-25,30976.469,16953.995,8175.283,23734.163,8309.387,6430.338,42222.943,30718.527,12131.979,11459.264,20000.0,8039.396,2000.0,8000.0,6206.515,18000.0,3000.0,12785.959,10562.468,21376.247,6056.169,4052.378,0.996,2.489,1.493,2.987,4.231,4.729,0.024,4.978
2024-10-28,30953.245,17000.203,8197.919,23702.767,8313.074,6420.965,42173.44,30719.161,12126.835,11510.104,20000.0,8037.482,2000.0,8000.0,6188.832,18000.0,3000.0,12790.018,10563.81,21380.549,6057.449,4053.196,0.99,2.475,1.485,2.969,4.207,4.702,0.035,4.949
2024-10-29,30901.845,17064.022,8206.448,23515.589,8302.367,6427.26,42189.339,30731.119,12151.27,11283.231,20000.0,8035.569,2000.0,8000.0,6178.918,18000.0,3000.0,12794.078,10565.169,21385.011,6058.947,4054.101,0.988,2.47,1.482,2.964,4.199,4.693,0.027,4.94
2024-10-30,30939.087,17037.932,8221.709,23671.084,8313.821,6381.043,42222.316,30708.805,12158.983,11427.953,20000.0,8033.655,2000.0,8000.0,6188.896,18000.0,3000.0,12798.14,10566.546,21389.655,6060.577,4055.125,0.986,2.465,1.479,2.958,4.19,4.684,0.017,4.93
2024-10-31,30954.278,17148.781,8253.511,23735.373,8305.202,6392.239,42217.962,30689.249,12155.971,11675.937,20000.0,8031.742,2000.0,8000.0,6179.277,18000.0,3000.0,12802.202,10567.941,21394.439,6062.411,4056.233,0.984,2.46,1.476,2.952,4.182,4.674,0.002,4.92
2024-11-01,30929.721,17139.602,8236.562,23799.131,8301.631,6471.104,42247.191,30706.353,12159.499,11735.69,20000.0,8029.83,2000.0,8000.0,6194.546,18000.0,3000.0,12806.267,10569.283,21398.763,6063.795,4057.075,0.982,2.455,1.473,2.947,4.174,4.665,0.033,4.911
2024-11-04,30910.486,17135.142,8232.726,23795.359,8302.921,6442.997,42191.79,30735.377,12155.447,11727.263,20000.0,8027.918,2000.0,8000.0,6207.831,18000.0,3000.0,12810.332,10570.638,21403.158,6065.269,4057.914,0.976,2.441,1.465,2.929,4.15,4.638,0.033,4.882
2024-11-05,30902.36,17186.525,8239.796,23942.013,8277.861,6390.625,42120.763,30766.325,12154.539,11905.471,20000.0,8026.007,2000.0,8000.0,6219.526,18000.0,3000.0,12814.399,10571.966,21407.254,6066.299,4058.659,0.975,2.436,1.462,2.924,4.142,4.629,0.04,4.873
2024-11-06,30900.755,17230.173,8233.701,23956.447,8248.529,6408.058,42126.905,30779.571,12152.732,11944.09,20000.0,8024.096,2000.0,8000.0,6231.263,18000.0,3000.0,12818.467,10573.279,21411.344,6067.498,4059.344,0.973,2.432,1.459,2.918,4.134,4.62,0.043,4.863
2024-11-07,30881.051,17240.378,8240.649,24092.276,8210.279,6434.233,42196.123,30763.426,12179.658,11981.924,20000.0,8022.185,2000.0,8000.0,6221.914,18000.0,3000.0,12822.536,10574.588,21415.436,6068.405,4059.971,0.971,2.427,1.456,2.912,4.126,4.611,0.047,4.854
2024-11-08,30811.162,17233.539,8266.319,24040.942,8209.525,6405.743,42156.826,30780.528,12182.584,11858.869,20000.0,8020.275,2000.0,8000.0,6205.247,18000.0,3000.0,12826.607,10575.891,21419.083,6069.416,4060.531,0.969,2.422,1.453,2.907,4.118,4.602,0.05,4.844
2024-11-11,30837.366,17179.033,8281.105,24258.713,8168.847,6308.426,42232.507,30798.665,12178.675,11829.222,20000.0,8018.366,2000.0,8000.0,6193.266,18000.0,3000.0,12830.679,10577.11,21422.084,6069.245,4060.735,0.963,2.408,1.445,2.889,4.093,4.575,0.074,4.816
2024-11-12,30830.262,17174.02,8275.141,24368.599,8180.886,6242.303,42198.617,30840.743,12178.322,11861.562,20000.0,8016.457,2000.0,8000.0,6189.738,18000.0,3000.0,12834.752,10578.397,21425.674,6069.933,4061.229,0.961,2.403,1.442,2.884,4.085,4.566,0.06,4.806
2024-11-13,30833.99,17100.306,8290.308,24481.95,8117.83,6193.005,42215.073,30862.723,12212.087,11717.532,20000.0,8014.548,2000.0,8000.0,6165.749,18000.0,3000.0,12838.827,10579.723,21429.697,6071.038,4061.896,0.959,2.398,1.439,2.878,4.077,4.557,0.041,4.797
2024-11-14,30849.44,17070.294,8310.874,24468.911,8126.996,6272.456,42199.253,30850.448,12202.126,11847.115,20000.0,8012.64,2000.0,8000.0,6169.708,18000.0,3000.0,12842.902,10581.066,21433.97,6072.361,4062.703,0.957,2.394,1.436,2.872,4.069,4.548,0.032,4.787
2024-11-15,30814.381,17079.025,8306.383,24596.676,8140.466,6231.896,42137.525,30844.43,12191.757,12000.388,20000.0,8010.732,2000.0,8000.0,6169.025,18000.0,3000.0,12846.98,10582.433,21438.506,6073.929,4063.642,0.956,2.389,1.433,2.867,4.061,4.539,0.02,4.778
2024-11-18,30850.352,17064.199,8331.077,24647.326,8126.599,6255.764,42130.749,30866.685,12205.959,12080.117,20000.0,8008.825,2000.0,8000.0,6165.96,18000.0,3000.0,12851.058,10583.766,21442.699,6075.196,4064.422,0.95,2.375,1.425,2.849,4.037,4.512,0.035,4.749
2024-11-19,30868.283,17066.417,8333.37,24682.12,8089.139,6293.228,42139.836,30865.451,12192.681,12153.563,20000.0,8006.918,2000.0,8000.0,6170.754,18000.0,3000.0,12855.138,10585.075,21446.485,6075.972,4065.026,0.948,2.37,1.422,2.844,4.029,4.503,0.048,4.74
2024-11-20,30910.416,17088.468,8315.354,24533.97,8054.547,6322.018,42187.121,30863.101,12192.563,12002.965,20000.0,8005.011,2000.0,8000.0,6166.77,18000.0,3000.0,12859.219,10586.405,21450.599,6077.113,4065.726,0.946,2.365,1.419,2.838,4.02,4.494,0.039,4.73
2024-11-21,30895.206,17073.375,8312.989,24437.207,8078.726,6317.173,42278.035,30866.602,12198.696,11783.378,20000.0,8003.105,2000.0,8000.0,6151.839,18000.0,3000.0,12863.301,10587.764,21454.932,6078.524,4066.595,0.944,2.36,1.416,2.832,4.012,4.484,0.025,4.72
2024-11-22,30881.982,17115.574,8318.298,24457.726,8034.06,6255.745,42323.902,30870.57,12182.659,11715.434,20000.0,8001.2,2000.0,8000.0,6162.998,18000.0,3000.0,12867.385,10589.119,21459.34,6080.05,4067.434,0.942,2.355,1.413,2.827,4.004,4.475,0.026,4.711
2024-11-25,30859.189,17101.462,8311.248,24415.575,8025.197,6259.019,42258.692,30895.249,12159.009,11705.895,20000.0,7999.295,2000.0,8000.0,6174.979,18000.0,3000.0,12871.469,10590.424,21463.151,6080.908,4067.987,0.936,2.341,1.405,2.809,3.98,4.448,0.048,4.682
2024-11-26,30860.726,17083.126,8334.297,24381.1,8018.55,6251.691,42277.803,30899.598,12167.745,11643.889,20000.0,7997.39,2000.0,8000.0,6181.379,18000.0,3000.0,12875.556,10591.794,21467.699,6082.463,4068.951,0.935,2.336,1.402,2.804,3.972,4.439,0.016,4.673
2024-11-27,30853.591,17154.482,8322.695,24393.07,8094.52,6266.648,42313.724,30881.51,12171.949,11791.909,20000.0,7995.486,2000.0,8000.0,6189.928,18000.0,3000.0,12879.643,10593.141,21472.006,6083.79,4069.803,0.933,2.332,1.399,2.798,3.964,4.43,0.029,4.663
2024-11-28,30809.619,17223.076,8307.102,24471.373,8048.66,6230.536,42305.104,30888.415,12172.996,11814.355,20000.0,7993.582,2000.0,8000.0,6200.354,18000.0,3000.0,12883.732,10594.506,21476.396,6085.282,4070.712,0.931,2.327,1.396,2.792,3.956,4.421,0.021,4.654
2024-11-29,30805.703,17180.892,8325.456,24460.911,7974.664,6246.659,42345.817,30892.731,12169.027,11683.469,20000.0,7991.679,2000.0,8000.0,6200.615,18000.0,3000.0,12887.822,10595.835,21480.443,6086.368,4071.348,0.929,2.322,1.393,2.787,3.948,4.412,0.039,4.644
2024-12-02,30805.385,17173.192,8300.618,24505.647,7982.865,6197.157,42397.263,30900.729,12160.346,11613.171,20000.0,7989.776,2000.0,8000.0,6204.507,18000.0,3000.0,12891.913,10597.175,21484.762,6087.723,4072.156,0.923,2.308,1.385,2.769,3.923,4.385,0.029,4.616
2024-12-03,30730.861,17171.807,8324.506,24418.137,7933.927,6217.106,42384.245,30906.637,12157.195,11454.008,20000.0,7987.874,2000.0,8000.0,6197.609,18000.0,3000.0,12896.006,10598.52,21488.926,6088.975,4072.949,0.921,2.303,1.382,2.764,3.915,4.376,0.03,4.606
2024-12-04,30755.101,17236.626,8307.518,24521.362,7993.632,6201.243,42365.858,30926.858,12141.763,11710.123,20000.0,7985.972,2000.0,8000.0,6214.992,18000.0,3000.0,12900.1,10599.888,21493.379,6090.489,4073.88,0.919,2.298,1.379,2.758,3.907,4.367,0.017,4.597
2024-12-05,30775.178,17260.699,8295.207,24415.251,7981.995,6181.748,42340.477,30934.984,12161.013,11600.739,20000.0,7984.071,2000.0,8000.0,6207.011,18000.0,3000.0,12904.195,10601.264,21497.927,6092.076,4074.854,0.917,2.294,1.376,2.752,3.899,4.358,0.012,4.587
2024-12-06,30748.316,17335.609,8282.34,24327.475,8057.536,6121.464,42426.209,30948.731,12159.952,11462.722,20000.0,7982.17,2000.0,8000.0,6198.753,18000.0,3000.0,12908.292,10602.589,21502.001,6093.259,4075.615,0.916,2.289,1.373,2.747,3.891,4.349,0.035,4.578
2024-12-09,30738.345,17378.71,8298.037,24340.022,8057.762,6038.073,42429.689,30949.912,12173.409,11418.613,20000.0,7980.269,2000.0,8000.0,6188.554,18000.0,3000.0,12912.39,10603.882,21505.838,6094.109,4076.247,0.91,2.275,1.365,2.729,3.867,4.322,0.049,4.549
2024-12-10,30796.347,17392.997,8307.1,24270.286,8109.633,6024.056,42417.82,30943.552,12161.54,11519.942,20000.0,7978.369,2000.0,8000.0,6204.316,18000.0,3000.0,12916.489,10605.201,21509.656,6095.023,4076.812,0.908,2.27,1.362,2.724,3.859,4.313,0.046,4.54
2024-12-11,30773.733,17329.909,8312.546,24321.854,8089.878,6125.956,42422.168,30968.322,12153.256,11552.443,20000.0,7976.47,2000.0,8000.0,6198.194,18000.0,3000.0,12920.589,10606.522,21513.729,6096.067,4077.492,0.906,2.265,1.359,2.718,3.851,4.304,0.037,4.53
2024-12-12,30789.299,17321.721,8293.713,24285.939,8056.54,6101.762,42461.748,30949.266,12163.589,11419.021,20000.0,7974.571,2000.0,8000.0,6194.53,18000.0,3000.0,12924.691,10607.884,21518.164,6097.53,4078.394,0.904,2.26,1.356,2.712,3.842,4.294,0.018,4.52
2024-12-13,30809.44,17294.268,8259.738,24204.651,8031.917,6003.974,42469.245,30959.832,12164.416,11164.841,20000.0,7972.672,2000.0,8000.0,6198.224,18000.0,3000.0,12928.794,10609.249,21522.552,6098.947,4079.251,0.902,2.255,1.353,2.707,3.834,4.285,0.02,4.511
2024-12-16,30804.758,17260.596,8252.977,24272.339,8159.208,6021.721,42440.71,30962.641,12161.877,11342.315,20000.0,7970.774,2000.0,8000.0,6173.82,18000.0,3000.0,12932.899,10610.602,21526.882,6100.261,4080.062,0.896,2.241,1.345,2.689,3.81,4.258,0.025,4.482
2024-12-17,30796.326,17288.252,8263.834,24232.832,8204.435,6065.675,42414.616,30960.089,12146.282,11476.251,20000.0,7968.876,2000.0,8000.0,6177.757,18000.0,3000.0,12937.004,10611.944,21531.086,6101.512,4080.802,0.895,2.236,1.342,2.684,3.802,4.249,0.03,4.473
2024-12-18,30803.913,17294.502,8273.204,24230.448,8140.228,6085.37,42436.672,30959.349,12140.991,11432.063,20000.0,7966.978,2000.0,8000.0,6167.276,18000.0,3000.0,12941.111,10613.261,21535.247,6102.666,4081.514,0.893,2.232,1.339,2.678,3.794,4.24,0.033,4.463
2024-12-19,30780.908,17275.093,8254.81,24358.74,8090.429,6128.071,42460.556,30952.126,12161.007,11457.796,20000.0,7965.082,2000.0,8000.0,6163.296,18000.0,3000.0,12945.22,10614.613,21539.539,6104.035,4082.327,0.891,2.227,1.336,2.672,3.786,4.231,0.024,4.454
2024-12-20,30823.725,17211.983,8269.707,24328.902,8080.387,6161.163,42442.93,30986.17,12151.987,11442.49,20000.0,7963.185,2000.0,8000.0,6161.565,18000.0,3000.0,12949.329,10615.955,21543.659,6105.182,4083.088,0.889,2.222,1.333,2.667,3.778,4.222,0.028,4.444
2024-12-23,30868.904,17176.956,8293.443,24520.27,8100.718,6189.36,42498.023,31001.319,12168.749,11623.296,20000.0,7961.289,2000.0,8000.0,6149.586,18000.0,3000.0,12953.44,10617.285,21547.72,6106.266,4083.798,0.883,2.208,1.325,2.649,3.753,4.195,0.033,4.416
2024-12-24,30893.062,17187.962,8266.127,24400.513,8095.642,6183.411,42518.625,30998.534,12164.621,11494.605,20000.0,7959.394,2000.0,8000.0,6151.508,18000.0,3000.0,12957.552,10618.58,21551.221,6106.894,4084.25,0.881,2.203,1.322,2.644,3.745,4.186,0.052,4.406
2024-12-25,30868.521,17240.336,8243.372,24555.12,8147.132,6218.976,42520.662,30975.931,12160.147,11771.175,20000.0,7957.498,2000.0,8000.0,6150.292,18000.0,3000.0,12961.666,10619.754,21554.107,6106.714,4084.285,0.879,2.198,1.319,2.638,3.737,4.177,0.076,4.397
2024-12-26,30888.395,17239.683,8233.291,24418.474,8062.131,6260.487,42514.369,30959.928,12162.077,11626.095,20000.0,7955.604,2000.0,8000.0,6149.829,18000.0,3000.0,12965.781,10620.977,21556.93,6106.884,4084.399,0.877,2.194,1.316,2.632,3.729,4.168,0.072,4.387
2024-12-27,30867.891,17170.022,8230.558,24617.727,8078.67,6254.159,42497.479,30997.631,12148.007,11749.166,20000.0,7953.71,2000.0,8000.0,6157.069,18000.0,3000.0,12969.897,10622.24,21560.317,6107.107,4084.72,0.876,2.189,1.313,2.627,3.721,4.159,0.061,4.378
2024-12-30,30825.282,17178.077,8217.317,24703.25,8088.704,6230.25,42523.263,30990.18,12130.107,11763.057,20000.0,7951.816,2000.0,8000.0,6141.53,18000.0,3000.0,12974.014,10623.509,21563.674,6107.526,4084.942,0.87,2.175,1.305,2.609,3.697,4.132,0.06,4.349
2024-12-31,30842.736,17190.027,8199.817,24585.921,8070.192,6186.851,42497.129,30979.004,12135.534,11624.635,20000.0,7949.923,2000.0,8000.0,6132.549,18000.0,3000.0,12978.133,10624.809,21567.146,6108.086,4085.28,0.868,2.17,1.302,2.604,3.689,4.123,0.053,4.34
2025-01-01,30822.769,17204.512,8199.581,24456.234,8020.73,6241.177,42468.488,30981.046,12160.846,11508.094,20000.0,7948.03,2000.0,8000.0,6139.248,18000.0,3000.0,12982.253,10626.114,21570.873,6108.914,4085.807,0.866,2.165,1.299,2.598,3.68,4.114,0.045,4.33
2025-01-02,30818.165,17217.246,8181.156,24563.803,8036.49,6211.858,42491.92,31005.075,12163.111,11549.957,20000.0,7946.137,2000.0,8000.0,6141.108,18000.0,3000.0,12986.374,10627.401,21574.661,6109.623,4086.365,0.866,2.164,1.299,2.597,3.679,4.112,0.046,4.329
2025-01-03,30845.999,17178.36,8175.223,24489.031,8072.506,6191.38,42483.955,31010.468,12157.115,11483.193,20000.0,7944.245,2000.0,8000.0,6135.98,18000.0,3000.0,12990.497,10628.727,21578.638,6110.675,4087.027,0.866,2.164,1.298,2.597,3.678,4.111,0.036,4.328
2025-01-06,30826.525,17135.76,8178.008,24538.783,8011.974,6242.163,42464.101,31035.457,12158.948,11454.546,20000.0,7942.354,2000.0,8000.0,6127.57,18000.0,3000.0,12994.621,10630.03,21582.337,6111.486,4087.526,0.865,2.162,1.297,2.594,3.675,4.108,0.047,4.324
2025-01-07,30870.197,17213.755,8183.299,24377.971,8074.999,6158.423,42478.432,31044.019,12161.722,11377.237,20000.0,7940.463,2000.0,8000.0,6124.483,18000.0,3000.0,12998.746,10631.322,21586.14,6112.267,4088.069,0.865,2.161,1.297,2.594,3.674,4.107,0.048,4.323
2025-01-08,30844.355,17196.706,8199.492,24415.0,8059.542,6116.662,42465.242,31031.017,12182.755,11346.156,20000.0,7938.572,2000.0,8000.0,6129.112,18000.0,3000.0,13002.873,10632.608,21589.8,6112.838,4088.417,0.864,2.161,1.297,2.593,3.673,4.106,0.052,4.322
2025-01-09,30855.141,17179.158,8190.836,24408.502,8086.595,6050.385,42436.328,31015.65,12156.466,11369.689,20000.0,7936.682,2000.0,8000.0,6137.197,18000.0,3000.0,13007.001,10633.891,21593.531,6113.619,4088.902,0.864,2.16,1.296,2.592,3.672,4.105,0.051,4.321
2025-01-10,30895.123,17161.884,8201.698,24323.408,8034.734,6055.783,42503.789,31039.463,12167.822,11199.465,20000.0,7934.792,2000.0,8000.0,6161.572,18000.0,3000.0,13011.13,10635.188,21597.328,6114.268,4089.375,0.864,2.16,1.296,2.592,3.671,4.103,0.044,4.319
2025-01-13,30913.421,17171.408,8186.617,24338.373,8025.763,6081.294,42556.849,31021.487,12155.069,11236.75,20000.0,7932.903,2000.0,8000.0,6170.921,18000.0,3000.0,13015.26,10636.516,21601.373,6115.431,4089.984,0.863,2.158,1.295,2.589,3.668,4.1,0.035,4.316
2025-01-14,30849.144,17257.885,8206.56,24361.582,8113.983,5979.762,42481.98,31030.771,12158.464,11340.299,20000.0,7931.014,2000.0,8000.0,6154.221,18000.0,3000.0,13019.392,10637.84,21605.345,6116.367,4090.621,0.863,2.157,1.294,2.589,3.667,4.099,0.036,4.315
2025-01-15,30803.479,17273.301,8190.114,24295.081,8103.737,5967.68,42516.918,31030.402,12159.556,11168.77,20000.0,7929.126,2000.0,8000.0,6147.855,18000.0,3000.0,13023.525,10639.173,21609.408,6117.563,4091.231,0.863,2.157,1.294,2.588,3.666,4.098,0.033,4.313
2025-01-16,30788.399,17291.495,8183.957,24218.813,8184.175,5916.74,42528.407,31054.2,12136.04,11096.464,20000.0,7927.238,2000.0,8000.0,6131.11,18000.0,3000.0,13027.66,10640.496,21613.305,6118.486,4091.874,0.862,2.156,1.294,2.587,3.665,4.097,0.04,4.312
2025-01-17,30818.235,17324.177,8184.152,24210.104,8142.662,5938.735,42521.453,31044.148,12146.746,11166.051,20000.0,7925.351,2000.0,8000.0,6153.888,18000.0,3000.0,13031.796,10641.798,21617.132,6119.408,4092.383,0.862,2.156,1.293,2.587,3.664,4.096,0.043,4.311
2025-01-20,30763.427,17284.365,8165.538,24284.556,8175.997,5990.381,42497.732,31040.241,12130.686,11262.058,20000.0,7923.464,2000.0,8000.0,6153.983,18000.0,3000.0,13035.933,10643.13,21621.236,6120.609,4093.117,0.862,2.154,1.292,2.585,3.661,4.092,0.029,4.308
2025-01-21,30796.527,17301.908,8161.255,24437.296,8207.579,6085.947,42539.912,31016.943,12128.639,11580.811,20000.0,7921.577,2000.0,8000.0,6157.299,18000.0,3000.0,13040.071,10644.467,21625.3,6121.731,4093.772,0.861,2.153,1.292,2.584,3.66,4.091,0.034,4.306
2025-01-22,30787.935,17295.354,8122.602,24506.11,8140.451,6098.685,42500.0,31028.707,12117.828,11580.815,20000.0,7919.691,2000.0,8000.0,6151.693,18000.0,3000.0,13044.211,10645.818,21629.573,6122.976,4094.575,0.861,2.153,1.292,2.583,3.659,4.09,0.022,4.305
2025-01-23,30772.2,17197.982,8122.803,24623.337,8131.427,6019.137,42477.083,31006.354,12125.775,11529.78,20000.0,7917.806,2000.0,8000.0,6141.558,18000.0,3000.0,13048.352,10647.168,21633.884,6124.343,4095.391,0.861,2.152,1.291,2.582,3.658,4.089,0.02,4.304
2025-01-24,30780.41,17201.069,8150.939,24686.083,8083.669,6037.449,42484.418,31013.069,12124.18,11604.598,20000.0,7915.92,2000.0,8000.0,6150.073,18000.0,3000.0,13052.494,10648.518,21638.078,6125.596,4096.169,0.861,2.151,1.291,2.582,3.657,4.088,0.023,4.303
2025-01-27,30774.637,17187.194,8147.288,24656.081,8104.252,6082.539,42481.442,31007.884,12124.935,11617.559,20000.0,7914.036,2000.0,8000.0,6137.227,18000.0,3000.0,13056.638,10649.891,21642.582,6127.132,4097.097,0.86,2.15,1.29,2.58,3.654,4.084,0.004,4.299
2025-01-28,30747.781,17241.886,8144.89,24743.904,8021.042,6061.95,42445.156,31010.873,12108.765,11675.496,20000.0,7912.151,2000.0,8000.0,6130.205,18000.0,3000.0,13060.783,10651.256,21646.985,6128.558,4097.949,0.86,2.149,1.289,2.579,3.653,4.083,0.013,4.298
2025-01-29,30676.306,17231.374,8121.771,24547.937,7951.29,6117.788,42467.887,31017.526,12114.619,11332.999,20000.0,7910.267,2000.0,8000.0,6131.905,18000.0,3000.0,13064.929,10652.605,21651.197,6129.858,4098.698,0.859,2.148,1.289,2.578,3.652,4.082,0.022,4.297
2025-01-30,30709.772,17220.127,8118.75,24326.438,7931.129,6061.649,42430.795,31036.089,12109.796,11079.189,20000.0,7908.384,2000.0,8000.0,6127.31,18000.0,3000.0,13069.077,10653.946,21655.402,6131.045,4099.417,0.859,2.148,1.289,2.577,3.651,4.081,0.026,4.296
2025-01-31,30666.305,17193.329,8146.604,24194.666,7915.057,6071.982,42423.034,31050.286,12129.664,10856.865,20000.0,7906.501,2000.0,8000.0,6105.182,18000.0,3000.0,13073.225,10655.288,21659.508,6132.202,4100.138,0.859,2.147,1.288,2.577,3.65,4.08,0.026,4.295
2025-02-03,30719.589,17293.265,8130.549,24220.814,7905.118,6044.657,42430.706,31032.22,12118.924,11012.178,20000.0,7904.619,2000.0,8000.0,6107.279,18000.0,3000.0,13077.376,10656.624,21663.668,6133.386,4100.861,0.858,2.146,1.287,2.575,3.647,4.076,0.026,4.291
2025-02-04,30750.196,17302.753,8105.257,24154.619,7977.867,6062.485,42456.512,31030.037,12157.963,10981.231,20000.0,7902.737,2000.0,8000.0,6093.775,18000.0,3000.0,13081.527,10657.973,21667.943,6134.632,4101.659,0.858,2.145,1.287,2.574,3.646,4.075,0.02,4.29
2025-02-05,30728.406,17318.157,8111.747,24095.256,8009.087,6029.942,42417.137,31015.673,12175.226,10949.046,20000.0,7900.855,2000.0,8000.0,6079.663,18000.0,3000.0,13085.68,10659.314,21672.204,6135.923,4102.434,0.858,2.144,1.287,2.573,3.645,4.074,0.023,4.289
2025-02-06,30738.794,17353.651,8131.921,23977.67,8051.409,6074.207,42456.298,31009.292,12178.787,10963.228,20000.0,7898.974,2000.0,8000.0,6089.092,18000.0,3000.0,13089.834,10660.659,21676.415,6137.144,4103.207,0.857,2.144,1.286,2.572,3.644,4.073,0.022,4.287
2025-02-07,30774.887,17272.234,8122.95,23914.256,8038.688,6042.032,42479.507,30992.169,12196.535,10791.09,20000.0,7897.093,2000.0,8000.0,6097.359,18000.0,3000.0,13093.99,10662.0,21680.386,6138.301,4103.875,0.857,2.143,1.286,2.572,3.643,4.072,0.028,4.286
2025-02-10,30805.023,17195.566,8142.604,23771.753,8053.755,6096.809,42505.658,31001.656,12167.756,10689.114,20000.0,7895.213,2000.0,8000.0,6095.74,18000.0,3000.0,13098.147,10663.344,21684.638,6139.563,4104.663,0.857,2.141,1.285,2.57,3.64,4.069,0.019,4.283
2025-02-11,30866.457,17223.152,8136.779,23734.958,8055.544,6182.835,42418.391,31037.551,12173.645,10875.535,20000.0,7893.333,2000.0,8000.0,6096.425,18000.0,3000.0,13102.305,10664.677,21688.789,6140.679,4105.396,0.856,2.141,1.284,2.569,3.639,4.067,0.028,4.282
2025-02-12,30937.787,17271.104,8171.915,23801.814,8005.713,6182.126,42368.989,31032.68,12185.367,11111.439,20000.0,7891.454,2000.0,8000.0,6113.007,18000.0,3000.0,13106.464,10665.996,21692.725,6141.685,4105.952,0.856,2.14,1.284,2.568,3.638,4.066,0.034,4.28
2025-02-13,30935.976,17293.162,8150.257,23991.874,8136.58,6171.782,42430.054,31030.534,12192.367,11354.438,20000.0,7889.575,2000.0,8000.0,6106.713,18000.0,3000.0,13110.625,10667.314,21696.672,6142.631,4106.512,0.856,2.14,1.284,2.568,3.637,4.065,0.036,4.279
2025-02-14,30956.878,17281.95,8113.592,23953.292,8201.088,6182.772,42434.216,31037.216,12207.356,11351.102,20000.0,7887.696,2000.0,8000.0,6113.225,18000.0,3000.0,13114.787,10668.627,21700.607,6143.546,4107.089,0.856,2.139,1.283,2.567,3.636,4.064,0.035,4.278
2025-02-17,31011.783,17322.366,8104.987,23942.388,8259.846,6156.869,42416.53,31059.594,12210.361,11457.699,20000.0,7885.818,2000.0,8000.0,6112.812,18000.0,3000.0,13118.951,10669.921,21704.196,6144.333,4107.523,0.855,2.137,1.282,2.565,3.633,4.061,0.045,4.274
2025-02-18,30970.663,17398.546,8108.061,24139.921,8216.78,6259.838,42422.972,31065.651,12238.41,11705.724,20000.0,7883.941,2000.0,8000.0,6099.774,18000.0,3000.0,13123.115,10671.26,21708.345,6145.39,4108.182,0.855,2.137,1.282,2.564,3.632,4.06,0.027,4.273
2025-02-19,30975.056,17363.94,8094.509,24123.019,8246.28,6282.232,42489.365,31071.982,12256.183,11599.563,20000.0,7882.064,2000.0,8000.0,6086.838,18000.0,3000.0,13127.281,10672.568,21712.129,6146.304,4108.695,0.854,2.136,1.282,2.563,3.631,4.059,0.038,4.272
2025-02-20,30920.093,17388.849,8097.394,24123.416,8256.542,6308.167,42580.264,31062.121,12258.637,11541.506,20000.0,7880.187,2000.0,8000.0,6096.804,18000.0,3000.0,13131.449,10673.856,21715.832,6147.094,4109.171,0.854,2.135,1.281,2.563,3.63,4.057,0.044,4.271
2025-02-21,30946.08,17409.794,8084.372,24130.417,8180.553,6391.814,42644.72,31057.855,12249.802,11550.38,20000.0,7878.311,2000.0,8000.0,6102.419,18000.0,3000.0,13135.617,10675.138,21719.314,6147.617,4109.513,0.854,2.135,1.281,2.562,3.629,4.056,0.05,4.27
2025-02-24,30905.779,17350.829,8090.453,24178.211,8245.642,6409.769,42692.491,31072.23,12257.357,11530.844,20000.0,7876.435,2000.0,8000.0,6108.886,18000.0,3000.0,13139.787,10676.401,21722.79,6148.0,4109.812,0.853,2.133,1.28,2.56,3.626,4.053,0.056,4.266
2025-02-25,30929.852,17395.274,8065.512,24126.544,8278.628,6414.892,42692.386,31049.105,12243.846,11594.855,20000.0,7874.559,2000.0,8000.0,6100.092,18000.0,3000.0,13143.959,10677.7,21726.411,6148.811,4110.231,0.853,2.133,1.28,2.559,3.625,4.052,0.049,4.265
2025-02-26,30901.288,17380.71,8078.952,24187.893,8227.656,6390.62,42697.58,31049.587,12261.78,11541.771,20000.0,7872.685,2000.0,8000.0,6108.153,18000.0,3000.0,13148.132,10678.985,21729.834,6149.328,4110.654,0.853,2.132,1.279,2.558,3.624,4.051,0.047,4.264
2025-02-27,30956.329,17399.118,8121.585,24177.64,8217.945,6425.185,42658.755,31063.229,12265.335,11718.632,20000.0,7870.81,2000.0,8000.0,6126.652,18000.0,3000.0,13152.306,10680.229,21733.282,6149.525,4110.88,0.853,2.131,1.279,2.558,3.623,4.05,0.057,4.263
2025-02-28,31029.428,17434.756,8131.753,24107.303,8181.712,6432.684,42705.621,31069.666,12268.577,11690.081,20000.0,7868.936,2000.0,8000.0,6128.764,18000.0,3000.0,13156.481,10681.467,21736.475,6149.536,4111.015,0.852,2.131,1.278,2.557,3.622,4.048,0.062,4.261
2025-03-03,31043.762,17413.077,8114.416,24163.213,8156.57,6447.135,42662.15,31037.523,12241.064,11816.033,20000.0,7867.063,2000.0,8000.0,6125.002,18000.0,3000.0,13160.658,10682.694,21739.536,6149.83,4111.178,0.852,2.129,1.277,2.555,3.619,4.045,0.065,4.258
2025-03-04,31045.362,17379.184,8102.614,24089.907,8131.433,6458.788,42627.998,31069.768,12224.941,11722.55,20000.0,7865.189,2000.0,8000.0,6138.32,18000.0,3000.0,13164.835,10683.98,21742.985,6150.544,4111.542,0.851,2.128,1.277,2.554,3.618,4.044,0.046,4.257
2025-03-05,30977.589,17383.973,8124.673,24183.971,8155.712,6438.14,42593.472,31060.307,12229.187,11807.607,20000.0,7863.317,2000.0,8000.0,6120.818,18000.0,3000.0,13169.015,10685.248,21746.355,6150.825,4111.839,0.851,2.128,1.277,2.553,3.617,4.043,0.054,4.256
2025-03-06,30983.021,17430.094,8121.677,24060.331,8174.086,6417.242,42602.688,31051.535,12239.153,11725.275,20000.0,7861.445,2000.0,8000.0,6120.45,18000.0,3000.0,13173.195,10686.489,21749.136,6150.706,4111.692,0.851,2.127,1.276,2.553,3.616,4.042,0.069,4.254
2025-03-07,30992.569,17425.358,8104.116,24036.105,8119.211,6454.755,42601.334,31064.129,12255.288,11643.208,20000.0,7859.573,2000.0,8000.0,6114.04,18000.0,3000.0,13177.377,10687.66,21751.789,6150.391,4111.721,0.851,2.127,1.276,2.552,3.615,4.041,0.08,4.253
2025-03-10,30949.066,17479.826,8118.343,23932.944,8101.273,6392.841,42717.713,31070.595,12262.123,11346.426,20000.0,7857.701,2000.0,8000.0,6098.706,18000.0,3000.0,13181.561,10687.857,21744.824,6140.99,4106.573,0.85,2.125,1.275,2.55,3.612,4.037,0.246,4.25
2025-03-11,30905.535,17429.271,8148.731,24015.681,8080.814,6317.604,42775.56,31062.863,12266.093,11206.134,20000.0,7855.831,2000.0,8000.0,6083.1,18000.0,3000.0,13185.745,10687.259,21725.144,6119.652,4095.421,0.85,2.124,1.275,2.549,3.611,4.036,0.391,4.248
2025-03-12,30923.025,17340.733,8158.933,24011.113,8026.379,6248.003,42896.245,31059.617,12271.835,10795.758,20000.0,7853.96,2000.0,8000.0,5979.3,18000.0,3000.0,13189.931,10684.149,21687.774,6085.849,4076.216,0.849,2.124,1.274,2.548,3.61,4.035,0.57,4.247
2025-03-13,30902.106,17270.578,8171.848,23844.766,7898.981,6083.782,43093.43,31067.515,12292.904,9915.308,20000.0,7852.09,2000.0,8000.0,5855.069,18000.0,3000.0,13194.119,10680.443,21637.003,6034.029,4043.482,0.849,2.123,1.274,2.548,3.609,4.034,0.733,4.246
2025-03-14,30845.847,17180.675,8149.783,23873.335,7672.737,5914.977,43290.895,31086.214,12286.639,9026.921,20000.0,7850.221,2000.0,8000.0,5705.228,18000.0,3000.0,13198.307,10674.647,21574.979,5961.088,4000.803,0.849,2.122,1.273,2.547,3.608,4.033,0.868,4.245
2025-03-17,30804.328,17055.51,8130.362,23712.361,7470.796,5838.201,43499.515,31110.077,12277.93,8017.512,20000.0,7848.352,2000.0,8000.0,5539.332,18000.0,3000.0,13202.497,10668.834,21494.351,5875.002,3958.029,0.848,2.121,1.272,2.545,3.605,4.029,1.0,4.241
2025-03-18,30802.295,16977.305,8116.287,23666.636,7299.615,5757.437,43593.011,31094.881,12318.894,7350.637,20000.0,7846.483,2000.0,8000.0,5377.643,18000.0,3000.0,13206.688,10661.352,21426.213,5796.862,3908.762,0.848,2.12,1.272,2.544,3.604,4.028,1.0,4.24
2025-03-19,30735.272,16893.92,8103.715,23635.561,7172.169,5620.017,43818.755,31086.343,12333.2,6516.45,20000.0,7844.615,2000.0,8000.0,5227.829,18000.0,3000.0,13210.881,10653.334,21331.726,5707.97,3864.756,0.848,2.12,1.272,2.543,3.603,4.027,1.0,4.239
2025-03-20,30762.214,16890.899,8106.241,23560.105,6951.62,5489.935,44024.789,31053.096,12324.379,5790.438,20000.0,7842.747,2000.0,8000.0,5059.361,18000.0,3000.0,13215.075,10647.012,21254.817,5629.874,3824.159,0.848,2.119,1.271,2.543,3.602,4.026,1.0,4.238
2025-03-21,30710.333,16785.422,8072.938,23404.362,6763.549,5324.829,44236.373,31064.677,12378.527,4671.256,20000.0,7840.88,2000.0,8000.0,4911.011,18000.0,3000.0,13219.27,10640.06,21170.552,5553.668,3775.296,0.847,2.118,1.271,2.542,3.601,4.025,1.0,4.237
2025-03-24,30680.996,16749.279,8063.555,23063.652,6617.257,5214.543,44357.047,31078.232,12400.094,3710.298,20000.0,7839.013,2000.0,8000.0,4771.934,18000.0,3000.0,13223.467,10632.849,21095.159,5479.285,3734.054,0.847,2.117,1.27,2.54,3.598,4.021,1.0,4.233
2025-03-25,30714.628,16737.852,8044.49,22967.71,6502.475,5071.045,44587.629,31094.204,12408.512,6000.0,16972.996,7837.146,2000.0,8000.0,4634.621,18000.0,3000.0,13227.665,10626.381,21014.412,5402.187,3687.864,0.846,2.116,1.27,2.539,3.597,4.02,1.0,4.232
2025-03-26,30695.859,16633.61,8016.509,22950.689,6329.541,4956.5,44826.449,31074.766,12404.53,5190.567,16972.996,7835.28,2000.0,8000.0,4490.016,18000.0,3000.0,13231.864,10619.53,20949.457,5321.555,3654.215,0.846,2.115,1.269,2.538,3.596,4.019,1.0,4.231
2025-03-27,30639.815,16577.847,8007.251,22853.119,6204.492,4823.112,45067.512,31064.129,12440.628,4318.111,16972.996,7833.415,2000.0,8000.0,4355.089,18000.0,3000.0,13236.065,10612.129,20862.606,5244.838,3608.533,0.846,2.115,1.269,2.538,3.595,4.018,1.0,4.23
2025-03-28,30555.043,16500.034,7995.563,22781.141,6067.866,4661.172,45193.198,31057.078,12448.901,3535.252,16972.996,7831.55,2000.0,8000.0,4237.889,18000.0,3000.0,13240.266,10603.183,20787.444,5167.287,3563.619,0.846,2.114,1.269,2.537,3.594,4.017,1.0,4.228
2025-03-31,30540.855,16391.704,7967.686,22628.366,5943.668,4556.754,45395.209,31069.207,12470.985,12000.0,13617.681,7829.685,2000.0,8000.0,4109.265,24000.0,3000.0,13244.47,10597.618,20708.858,5088.491,3526.949,0.845,2.112,1.267,2.535,3.591,4.014,1.0,4.225
2025-04-01,30542.882,16304.638,7966.208,22617.721,5779.817,4453.427,45594.286,31080.884,12487.498,11288.698,13617.681,7827.821,2000.0,8000.0,3983.499,24000.0,3000.0,13248.674,10589.319,20625.936,5010.132,3489.596,0.845,2.112,1.267,2.534,3.59,4.012,1.0,4.224
2025-04-02,30505.85,16237.078,7977.47,22325.081,5667.454,4339.221,45738.133,31095.895,12495.248,10401.335,13617.681,7825.957,2000.0,8000.0,3869.214,24000.0,3000.0,13252.88,10581.44,20547.348,4936.216,3446.175,0.844,2.111,1.267,2.534,3.589,4.011,1.0,4.222
2025-04-03,30508.237,16112.362,7955.823,22222.079,5585.219,4201.66,45975.213,31086.255,12487.963,9610.167,13617.681,7824.094,2000.0,8000.0,3758.904,24000.0,3000.0,13257.088,10573.927,20464.304,4874.387,3402.396,0.844,2.111,1.266,2.533,3.588,4.01,1.0,4.221
2025-04-04,30546.221,16050.042,7953.435,22117.582,5524.494,4152.248,46029.784,31097.648,12500.731,9179.002,13617.681,7822.231,2000.0,8000.0,3641.759,24000.0,3000.0,13261.296,10569.482,20394.365,4809.515,3357.713,0.844,2.11,1.266,2.532,3.587,4.009,1.0,4.22
2025-04-07,30506.353,15960.175,7950.521,22078.153,5410.011,4047.597,46246.087,31112.365,12519.524,8436.92,13617.681,7820.368,2000.0,8000.0,3534.629,24000.0,3000.0,13265.506,10563.013,20326.283,4740.473,3316.137,0.843,2.108,1.265,2.53,3.584,4.006,1.0,4.217
2025-04-08,30502.504,15836.448,7941.727,21853.987,5317.619,3956.936,46505.525,31121.153,12557.46,7488.571,13617.681,7818.506,2000.0,8000.0,3429.958,24000.0,3000.0,13269.717,10555.979,20238.812,4670.86,3268.855,0.843,2.108,1.265,2.529,3.583,4.005,0.991,4.215
2025-04-09,30520.451,15762.615,7933.722,21770.298,5225.97,3871.594,46734.207,31131.819,12564.484,6830.503,13617.681,7816.645,2000.0,8000.0,3336.759,24000.0,3000.0,13273.93,10550.151,20167.696,4612.548,3232.36,0.843,2.107,1.264,2.529,3.582,4.004,0.903,4.214
2025-04-10,30568.293,15778.299,7914.416,21730.085,5130.856,3853.645,46887.236,31135.635,12579.795,6460.013,13617.681,7814.784,2000.0,8000.0,3241.405,24000.0,3000.0,13278.144,10545.03,20110.808,4562.838,3204.766,0.843,2.107,1.264,2.528,3.581,4.002,0.833,4.213
2025-04-11,30560.16,15795.825,7860.8,21653.899,5060.568,3753.449,47043.294,31171.858,12609.305,5876.764,13617.681,7812.923,2000.0,8000.0,3164.764,24000.0,3000.0,13282.359,10540.687,20058.755,4524.641,3179.089,0.842,2.106,1.264,2.527,3.58,4.001,0.777,4.212
2025-04-14,30495.113,15751.061,7846.839,21680.734,5007.438,3686.841,47102.732,31160.243,12617.2,5545.34,13617.681,7811.063,2000.0,8000.0,3099.655,24000.0,3000.0,13286.576,10537.279,20020.037,4487.972,3154.422,0.842,2.104,1.262,2.525,3.577,3.998,0.724,4.208
2025-04-15,30548.537,15715.803,7852.797,21481.585,5005.297,3640.808,47248.287,31138.948,12611.778,5151.083,13617.681,7809.203,2000.0,8000.0,3041.36,24000.0,3000.0,13290.794,10534.535,19983.097,4455.355,3132.958,0.841,2.104,1.262,2.524,3.576,3.997,0.681,4.207
2025-04-16,30630.05,15685.55,7832.876,21449.851,4972.869,3563.103,47240.206,31143.547,12603.235,5005.018,13617.681,7807.344,2000.0,8000.0,2987.719,24000.0,3000.0,13295.013,10531.608,19949.004,4424.375,3112.829,0.841,2.103,1.262,2.524,3.575,3.996,0.632,4.206
2025-04-17,30576.129,15581.765,7829.431,21353.72,4891.903,3552.469,47237.007,31156.841,12595.855,4604.351,13617.681,7805.485,2000.0,8000.0,2932.568,24000.0,3000.0,13299.234,10529.081,19917.371,4396.381,3095.305,0.841,2.102,1.261,2.523,3.574,3.995,0.579,4.205
2025-04-18,30549.8,15583.779,7823.918,21262.891,4798.803,3533.707,47267.577,31148.134,12614.184,4286.521,13617.681,7803.626,2000.0,8000.0,2881.368,24000.0,3000.0,13303.456,10527.227,19895.976,4376.428,3079.987,0.841,2.102,1.261,2.522,3.573,3.993,0.539,4.204
2025-04-21,30587.231,15582.738,7813.181,21263.981,4766.449,3520.629,47234.358,31122.237,12605.064,4396.863,13617.681,7801.768,2000.0,8000.0,2936.083,24000.0,3000.0,13307.679,10525.8,19872.865,4356.447,3065.785,0.84,2.1,1.26,2.52,3.57,3.99,0.486,4.2
2025-04-22,30559.955,15588.968,7806.97,21335.73,4684.781,3516.313,47273.746,31117.035,12649.991,4330.713,13617.681,7799.911,2000.0,8000.0,2984.457,24000.0,3000.0,13311.904,10524.874,19857.069,4341.033,3055.55,0.84,2.099,1.26,2.519,3.569,3.989,0.431,4.199
2025-04-23,30563.39,15577.089,7786.707,21213.613,4633.418,3444.873,47299.047,31099.31,12675.806,4079.21,13617.681,7798.054,2000.0,8000.0,3033.889,24000.0,3000.0,13316.13,10524.048,19839.339,4328.831,3047.758,0.84,2.099,1.259,2.519,3.568,3.988,0.408,4.198
2025-04-24,30599.068,15567.706,7780.874,21129.519,4640.535,3429.227,47324.604,31101.687,12688.951,4023.457,13617.681,7796.197,2000.0,8000.0,3085.289,24000.0,3000.0,13320.357,10523.465,19827.709,4315.41,3039.948,0.839,2.098,1.259,2.518,3.567,3.987,0.379,4.197
2025-04-25,30649.594,15517.718,7761.749,21098.235,4640.945,3415.483,47298.102,31115.185,12676.138,4039.965,13617.681,7794.341,2000.0,8000.0,3133.103,24000.0,3000.0,13324.586,10523.021,19814.024,4304.381,3033.993,0.839,2.098,1.259,2.517,3.566,3.986,0.356,4.195
2025-04-28,30613.677,15535.026,7752.171,21088.248,4619.75,3393.58,47303.184,31117.555,12695.889,3986.721,13617.681,7792.485,2000.0,8000.0,3182.247,24000.0,3000.0,13328.816,10522.741,19803.14,4294.578,3028.363,0.838,2.096,1.258,2.515,3.563,3.982,0.311,4.192
2025-04-29,30597.316,15523.235,7777.89,21038.747,4592.094,3400.618,47466.869,31102.468,12697.016,3814.025,13617.681,7790.63,2000.0,8000.0,3225.741,24000.0,3000.0,13333.047,10522.764,19794.24,4285.418,3023.745,0.838,2.095,1.257,2.514,3.562,3.981,0.288,4.191
2025-04-30,30627.998,15456.601,7788.505,20949.055,4585.04,3386.248,47490.523,31119.008,12692.633,3692.964,13617.681,7788.775,2000.0,8000.0,3270.856,24000.0,3000.0,13337.28,10522.987,19787.577,4278.389,3019.236,0.838,2.095,1.257,2.514,3.561,3.98,0.263,4.189
2025-05-01,30675.746,15435.928,7778.504,20927.031,4565.361,3339.673,47498.571,31124.059,12698.617,3653.523,13617.681,7786.92,2000.0,8000.0,3315.615,24000.0,3000.0,13341.514,10523.279,19779.96,4271.659,3015.512,0.838,2.094,1.256,2.513,3.56,3.979,0.238,4.188
2025-05-02,30689.337,15485.874,7787.069,20834.933,4569.884,3392.252,47549.313,31120.472,12693.299,3694.599,13617.681,7785.066,2000.0,8000.0,3355.332,24000.0,3000.0,13345.749,10523.872,19776.26,4266.923,3013.111,0.837,2.094,1.256,2.512,3.559,3.978,0.198,4.187
2025-05-05,30673.934,15456.02,7800.156,20672.103,4575.799,3392.92,47571.097,31099.66,12658.276,3589.414,13617.681,7783.213,2000.0,8000.0,3398.421,24000.0,3000.0,13349.986,10524.439,19773.617,4262.485,3010.65,0.837,2.092,1.255,2.51,3.556,3.974,0.186,4.184
2025-05-06,30629.92,15410.202,7806.24,20670.878,4574.803,3411.356,47685.738,31109.218,12645.136,3464.426,13617.681,7781.359,2000.0,8000.0,3445.935,24000.0,3000.0,13354.224,10525.058,19770.44,4257.624,3008.339,0.836,2.091,1.255,2.509,3.555,3.973,0.19,4.182
2025-05-07,30597.796,15376.448,7800.838,20579.151,4514.931,3390.498,47774.669,31118.397,12639.633,3163.162,13617.681,7779.507,2000.0,8000.0,3474.922,24000.0,3000.0,13358.464,10525.72,19767.492,4253.665,3005.219,0.836,2.091,1.254,2.509,3.554,3.972,0.186,4.181
2025-05-08,30511.01,15341.908,7791.85,20583.096,4508.174,3367.862,47719.762,31133.631,12648.865,3095.338,13617.681,7777.655,2000.0,8000.0,3526.325,24000.0,3000.0,13362.704,10526.409,19765.108,4249.941,3003.175,0.836,2.09,1.254,2.508,3.553,3.971,0.17,4.18
2025-05-09,30503.299,15315.547,7788.577,20571.805,4502.939,3341.446,47700.598,31147.75,12657.381,3064.894,13617.681,7775.803,2000.0,8000.0,3573.548,24000.0,3000.0,13366.946,10527.131,19763.841,4246.698,3000.986,0.836,2.089,1.254,2.507,3.552,3.97,0.162,4.179
2025-05-12,30487.748,15323.785,7797.835,20671.329,4498.869,3365.661,47757.551,31161.997,12677.371,3134.676,13617.681,7773.951,2000.0,8000.0,3606.811,24000.0,3000.0,13371.19,10527.855,19761.571,4242.681,2999.092,0.835,2.088,1.253,2.505,3.549,3.966,0.164,4.175
2025-05-13,30539.902,15318.816,7806.808,20550.236,4500.299,3371.571,47709.391,31167.782,12639.777,3205.027,13617.681,7772.1,2000.0,8000.0,3648.69,24000.0,3000.0,13375.435,10530.573,19780.033,4257.397,3007.884,0.835,2.087,1.252,2.504,3.548,3.965,0.123,4.174
2025-05-14,30606.364,15282.34,7804.436,20471.966,4514.477,3403.319,47623.685,31150.968,12634.388,3354.553,13617.681,7770.25,2000.0,8000.0,3688.94,24000.0,3000.0,13379.681,10533.37,19798.866,4272.44,3016.468,0.835,2.086,1.252,2.504,3.547,3.964,0.119,4.173
2025-05-15,30614.039,15313.531,7794.611,20453.724,4530.793,3402.89,47604.79,31168.92,12637.784,3418.121,13617.681,7768.4,2000.0,8000.0,3722.18,24000.0,3000.0,13383.928,10536.1,19817.309,4286.925,3025.062,0.834,2.086,1.252,2.503,3.546,3.963,0.123,4.172
2025-05-16,30634.122,15327.405,7784.456,20495.499,4459.16,3434.901,47629.915,31176.197,12647.214,3442.048,13617.681,7766.55,2000.0,8000.0,3755.884,24000.0,3000.0,13388.177,10538.878,19835.477,4301.188,3033.618,0.834,2.085,1.251,2.502,3.545,3.962,0.128,4.171
2025-05-19,30589.836,15280.914,7786.746,20439.385,4413.273,3441.446,47654.996,31170.16,12644.522,3291.396,13617.681,7764.701,2000.0,8000.0,3799.427,24000.0,3000.0,13392.427,10541.5,19852.152,4315.109,3041.446,0.833,2.083,1.25,2.5,3.542,3.959,0.144,4.167
2025-05-20,30557.594,15310.188,7785.663,20575.873,4406.198,3469.494,47650.666,31171.551,12653.496,3482.241,13617.681,7762.852,2000.0,8000.0,3836.799,24000.0,3000.0,13396.679,10544.17,19868.083,4328.931,3049.622,0.833,2.083,1.25,2.499,3.541,3.958,0.15,4.166
2025-05-21,30542.675,15280.659,7772.353,20482.91,4456.297,3477.828,47722.779,31163.623,12638.788,3376.65,13617.681,7761.004,2000.0,8000.0,3866.871,24000.0,3000.0,13400.932,10546.802,19885.676,4342.332,3057.269,0.833,2.082,1.249,2.499,3.54,3.956,0.145,4.165
2025-05-22,30605.383,15264.183,7769.53,20602.241,4471.08,3475.23,47629.138,31179.057,12632.371,3678.346,13617.681,7759.156,2000.0,8000.0,3902.915,24000.0,3000.0,13405.186,10549.415,19903.307,4356.016,3065.077,0.833,2.082,1.249,2.498,3.539,3.955,0.14,4.163
2025-05-23,30603.469,15274.75,7774.258,20671.588,4467.343,3467.573,47595.533,31179.101,12583.11,3877.285,13617.681,7757.309,2000.0,8000.0,3941.595,24000.0,3000.0,13409.442,10552.024,19920.14,4369.148,3073.044,0.832,2.081,1.249,2.497,3.538,3.954,0.141,4.162
2025-05-26,30527.546,15285.87,7776.108,20785.646,4443.268,3435.459,47539.227,31180.187,12563.389,3993.797,13617.681,7755.462,2000.0,8000.0,3982.146,24000.0,3000.0,13413.699,10554.714,19937.233,4382.62,3080.76,0.832,2.079,1.248,2.495,3.535,3.951,0.126,4.159
2025-05-27,30593.698,15363.72,7746.818,20809.237,4446.132,3409.231,47476.803,31196.691,12564.012,4194.854,13617.681,7753.615,2000.0,8000.0,4016.863,24000.0,3000.0,13417.957,10557.432,19954.498,4396.215,3088.955,0.832,2.079,1.247,2.495,3.534,3.95,0.119,4.158
2025-05-28,30597.142,15308.699,7778.8,20884.474,4449.355,3423.567,47377.474,31184.961,12555.864,4419.131,13617.681,7751.769,2000.0,8000.0,4042.627,24000.0,3000.0,13422.217,10560.084,19971.834,4409.547,3096.945,0.831,2.078,1.247,2.494,3.533,3.949,0.124,4.156
2025-05-29,30696.549,15310.137,7764.334,20793.501,4462.126,3410.541,47280.883,31174.435,12573.877,4539.491,13617.681,7749.923,2000.0,8000.0,4072.623,24000.0,3000.0,13426.478,10562.701,19987.905,4422.731,3104.491,0.831,2.078,1.247,2.493,3.532,3.947,0.14,4.155
2025-05-30,30727.736,15347.454,7766.673,20788.796,4470.976,3419.35,47295.414,31181.881,12574.46,4637.911,13617.681,7748.078,2000.0,8000.0,4103.7,24000.0,3000.0,13430.74,10565.336,20005.004,4436.035,3112.48,0.831,2.077,1.246,2.492,3.531,3.946,0.129,4.154
2025-06-02,30717.799,15390.486,7771.221,20848.837,4459.559,3425.153,47232.267,31186.546,12591.788,4812.734,13617.681,7746.233,2000.0,8000.0,4139.189,24000.0,3000.0,13435.004,10568.05,20021.767,4449.406,3119.982,0.83,2.075,1.245,2.49,3.528,3.943,0.12,4.15
2025-06-03,30766.238,15387.14,7766.039,20762.105,4418.122,3371.733,47155.084,31192.402,12586.827,4786.369,13617.681,7744.389,2000.0,8000.0,4172.106,24000.0,3000.0,13439.269,10570.739,20039.274,4462.874,3128.023,0.83,2.075,1.245,2.49,3.527,3.942,0.116,4.149
2025-06-04,30796.949,15441.598,7782.616,20775.422,4365.457,3373.306,47216.598,31164.854,12599.109,4840.517,13617.681,7742.545,2000.0,8000.0,4202.421,24000.0,3000.0,13443.535,10573.395,20056.0,4476.045,3135.528,0.83,2.074,1.244,2.489,3.526,3.941,0.125,4.148
2025-06-05,30806.159,15498.304,7783.113,20778.869,4366.471,3301.523,47219.63,31149.694,12609.941,4879.697,13617.681,7740.702,2000.0,8000.0,4235.103,24000.0,3000.0,13447.803,10575.986,20073.332,4488.941,3143.192,0.829,2.073,1.244,2.488,3.525,3.94,0.117,4.147
2025-06-06,30811.476,15560.584,7790.064,20943.953,4373.294,3318.026,47225.664,31143.187,12608.749,5178.556,13617.681,7738.859,2000.0,8000.0,4263.225,24000.0,3000.0,13452.072,10578.511,20089.197,4501.474,3150.533,0.829,2.073,1.244,2.487,3.524,3.938,0.128,4.146
2025-06-09,30797.898,15554.251,7793.419,20916.879,4384.027,3307.424,47191.826,31155.661,12625.007,5180.79,13617.681,7737.016,2000.0,8000.0,4297.739,24000.0,3000.0,13456.343,10581.171,20106.357,4514.646,3158.0,0.828,2.071,1.243,2.485,3.521,3.935,0.107,4.142
2025-06-10,30801.155,15551.858,7796.77,20890.524,4416.068,3287.776,47122.7,31129.855,12611.205,5311.168,13617.681,7735.174,2000.0,8000.0,4323.016,24000.0,3000.0,13460.615,10583.861,20123.866,4527.796,3165.779,0.828,2.07,1.242,2.485,3.52,3.934,0.099,4.141
2025-06-11,30831.037,15631.492,7789.174,20874.521,4470.217,3262.081,47116.603,31107.648,12627.032,5470.623,13617.681,7733.332,2000.0,8000.0,4349.507,24000.0,3000.0,13464.888,10586.561,20141.328,4540.966,3173.606,0.828,2.07,1.242,2.484,3.519,3.933,0.092,4.14
2025-06-12,30825.313,15642.493,7801.361,20818.167,4475.539,3253.059,47076.513,31105.885,12644.186,5487.854,13617.681,7731.491,2000.0,8000.0,4378.517,24000.0,3000.0,13469.162,10589.237,20158.315,4554.348,3181.323,0.828,2.069,1.242,2.483,3.518,3.932,0.098,4.139
2025-06-13,30763.823,15616.996,7801.226,20877.329,4473.338,3270.409,46961.283,31122.924,12627.528,5624.92,13617.681,7729.65,2000.0,8000.0,4407.427,24000.0,3000.0,13473.438,10591.868,20175.689,4567.015,3188.697,0.827,2.069,1.241,2.482,3.517,3.931,0.106,4.137
2025-06-16,30755.977,15674.09,7811.828,20875.863,4488.8,3338.75,46913.636,31150.776,12643.482,5798.049,13617.681,7727.81,2000.0,8000.0,4428.41,24000.0,3000.0,13477.716,10594.607,20193.055,4580.199,3196.436,0.827,2.067,1.24,2.48,3.514,3.927,0.082,4.134
2025-06-17,30718.778,15677.15,7839.207,20966.75,4472.179,3391.372,46823.471,31129.015,12642.671,6072.507,13617.681,7725.97,2000.0,8000.0,4463.885,24000.0,3000.0,13481.994,10597.325,20210.992,4593.78,3204.467,0.827,2.066,1.24,2.48,3.513,3.926,0.069,4.133
2025-06-18,30733.972,15680.006,7832.393,20903.426,4463.774,3342.861,46820.433,31139.152,12660.859,5968.07,13617.681,7724.13,2000.0,8000.0,4487.618,24000.0,3000.0,13486.274,10600.04,20228.698,4607.242,3212.216,0.826,2.066,1.239,2.479,3.512,3.925,0.072,4.132
2025-06-19,30718.501,15683.257,7826.395,21022.146,4462.319,3345.311,46737.709,31139.264,12671.356,6180.424,13617.681,7722.291,2000.0,8000.0,4520.239,24000.0,3000.0,13490.556,10602.748,20246.396,4620.65,3220.127,0.826,2.065,1.239,2.478,3.511,3.924,0.063,4.13
2025-06-20,30733.54,15683.437,7774.705,21037.984,4465.128,3359.267,46648.139,31143.146,12673.174,6293.528,13617.681,7720.453,2000.0,8000.0,4547.221,24000.0,3000.0,13494.838,10605.515,20264.51,4634.396,3228.231,0.826,2.065,1.239,2.478,3.51,3.923,0.045,4.129
2025-06-23,30770.073,15674.688,7783.016,21015.581,4456.037,3352.481,46674.283,31124.563,12653.686,6333.752,13617.681,7718.614,2000.0,8000.0,4571.58,24000.0,3000.0,13499.122,10608.22,20282.098,4647.71,3236.021,0.825,2.063,1.238,2.475,3.507,3.919,0.06,4.126
2025-06-24,30808.312,15647.851,7800.196,20959.357,4486.531,3366.215,46663.567,31116.645,12662.217,6396.274,13617.681,7716.777,2000.0,8000.0,4601.29,24000.0,3000.0,13503.408,10610.891,20299.14,4660.652,3243.759,0.825,2.062,1.237,2.475,3.506,3.918,0.067,4.124
2025-06-25,30848.469,15693.762,7785.535,20918.464,4506.644,3382.578,46625.146,31122.879,12674.477,6518.316,13617.681,7714.939,2000.0,8000.0,4630.29,24000.0,3000.0,13507.695,10613.543,20315.905,4673.351,3251.321,0.825,2.062,1.237,2.474,3.505,3.917,0.072,4.123
2025-06-26,30858.562,15768.398,7766.347,20924.673,4525.744,3432.604,46610.344,31125.203,12686.34,6689.754,13617.681,7713.102,2000.0,8000.0,4654.113,24000.0,3000.0,13511.983,10616.196,20332.752,4686.153,3258.867,0.824,2.061,1.237,2.473,3.504,3.916,0.065,4.122
2025-06-27,30811.374,15767.367,7796.407,20962.398,4516.597,3433.304,46573.195,31123.093,12686.499,6772.131,13617.681,7711.266,2000.0,8000.0,4680.144,24000.0,3000.0,13516.272,10618.796,20349.39,4698.546,3266.224,0.824,2.06,1.236,2.473,3.503,3.915,0.077,4.121
2025-06-30,30788.972,15751.106,7817.177,21018.414,4512.855,3464.452,46488.651,31133.129,12693.802,6919.759,13617.681,7709.43,2000.0,8000.0,4688.911,24000.0,3000.0,13520.563,10621.425,20365.866,4710.945,3273.594,0.823,2.059,1.235,2.47,3.5,3.911,0.072,4.117
2025-07-01,30767.647,15748.25,7815.135,20829.515,4500.7,3446.696,46492.341,31135.087,12682.684,6711.09,13617.681,7707.594,2000.0,8000.0,4713.679,24000.0,3000.0,13524.856,10624.018,20382.014,4722.849,3280.777,0.823,2.058,1.235,2.47,3.499,3.91,0.084,4.116
2025-07-02,30701.417,15758.519,7844.588,20834.558,4478.532,3447.016,46448.291,31134.617,12693.224,6743.492,13617.681,7705.759,2000.0,8000.0,4749.286,24000.0,3000.0,13529.149,10626.609,20398.435,4735.219,3288.008,0.823,2.058,1.234,2.469,3.498,3.909,0.07,4.115
2025-07-03,30665.69,15776.57,7867.901,20794.192,4484.136,3459.683,46461.977,31125.5,12696.13,6754.343,13617.681,7703.925,2000.0,8000.0,4777.938,24000.0,3000.0,13533.444,10629.255,20415.227,4747.87,3295.454,0.823,2.057,1.234,2.468,3.497,3.908,0.054,4.114
2025-07-04,30710.937,15713.72,7868.866,20886.444,4532.528,3470.403,46401.58,31138.205,12689.17,6965.443,13617.681,7702.09,2000.0,8000.0,4793.53,24000.0,3000.0,13537.74,10631.884,20431.728,4760.287,3302.704,0.823,2.056,1.234,2.468,3.496,3.907,0.057,4.113
2025-07-07,30730.026,15697.355,7851.185,20802.089,4538.102,3465.595,46371.086,31154.28,12698.121,6891.792,13617.681,7700.256,2000.0,8000.0,4806.826,24000.0,3000.0,13542.038,10634.516,20448.515,4772.921,3309.967,0.822,2.055,1.233,2.465,3.493,3.904,0.049,4.109
2025-07-08,30776.773,15738.65,7858.29,20719.528,4544.858,3471.007,46367.313,31145.23,12666.792,6987.438,13617.681,7698.423,2000.0,8000.0,4827.433,24000.0,3000.0,13546.337,10637.105,20464.836,4785.04,3317.009,0.822,2.054,1.232,2.465,3.492,3.903,0.059,4.108
2025-07-09,30750.15,15764.057,7875.636,20776.586,4594.956,3476.346,46442.625,31141.187,12660.82,7072.445,13617.681,7696.59,2000.0,8000.0,4842.979,24000.0,3000.0,13550.638,10639.655,20480.632,4797.045,3324.1,0.821,2.053,1.232,2.464,3.491,3.901,0.062,4.107
2025-07-10,30725.55,15783.458,7886.304,20707.385,4612.495,3476.837,46432.055,31144.546,12659.378,7053.182,13617.681,7694.758,2000.0,8000.0,4854.631,24000.0,3000.0,13554.939,10642.244,20496.849,4809.248,3331.248,0.821,2.053,1.232,2.463,3.49,3.9,0.051,4.106
2025-07-11,30748.675,15802.347,7878.473,20646.667,4624.382,3493.63,46397.584,31155.859,12652.647,7106.069,13617.681,7692.925,2000.0,8000.0,4869.348,24000.0,3000.0,13559.243,10644.817,20512.847,4821.265,3338.272,0.821,2.052,1.231,2.463,3.489,3.899,0.053,4.104
2025-07-14,30686.286,15771.104,7849.867,20669.586,4594.519,3571.631,46408.537,31160.416,12612.095,7111.763,13617.681,7691.094,2000.0,8000.0,4895.045,24000.0,3000.0,13563.547,10647.402,20528.928,4833.251,3345.299,0.82,2.05,1.23,2.46,3.486,3.896,0.05,4.101
2025-07-15,30722.574,15879.981,7843.048,20728.206,4590.022,3598.816,46332.607,31159.151,12608.917,7438.154,13617.681,7689.263,2000.0,8000.0,4915.273,24000.0,3000.0,13567.853,10649.936,20544.685,4844.994,3352.092,0.82,2.05,1.23,2.46,3.485,3.895,0.062,4.1
2025-07-16,30725.627,15835.872,7841.389,20906.924,4578.65,3599.83,46267.656,31182.832,12611.017,7630.718,13617.681,7687.432,2000.0,8000.0,4936.882,24000.0,3000.0,13572.16,10652.483,20560.482,4856.603,3359.011,0.82,2.049,1.23,2.459,3.484,3.894,0.054,4.098
2025-07-17,30723.773,15860.305,7862.887,20879.906,4569.962,3600.97,46208.625,31201.314,12625.181,7690.362,13617.681,7685.601,2000.0,8000.0,4954.492,24000.0,3000.0,13576.469,10655.03,20576.339,4868.334,3365.89,0.819,2.049,1.229,2.458,3.483,3.892,0.05,4.097
2025-07-18,30713.582,15873.556,7849.478,20851.376,4628.997,3621.478,46165.421,31209.539,12622.712,7781.968,13617.681,7683.772,2000.0,8000.0,4961.846,24000.0,3000.0,13580.779,10657.512,20591.712,4879.584,3372.514,0.819,2.048,1.229,2.458,3.482,3.891,0.066,4.096
2025-07-21,30747.559,15827.461,7839.372,20757.2,4640.295,3571.174,46144.126,31196.354,12607.671,7697.36,13617.681,7681.942,2000.0,8000.0,4976.982,24000.0,3000.0,13585.09,10659.908,20606.158,4889.897,3378.564,0.819,2.046,1.228,2.456,3.479,3.888,0.092,4.093
2025-07-22,30816.737,15852.02,7857.441,20731.141,4644.234,3561.559,46127.537,31191.286,12608.602,7817.995,13617.681,7680.113,2000.0,8000.0,4990.679,24000.0,3000.0,13589.403,10662.183,20619.9,4899.722,3384.206,0.818,2.046,1.227,2.455,3.478,3.887,0.111,4.091
2025-07-23,30767.525,15835.948,7885.022,20642.636,4654.964,3594.539,46158.399,31215.884,12594.882,7703.769,13617.681,7678.284,2000.0,8000.0,4994.549,24000.0,3000.0,13593.717,10664.481,20634.023,4909.584,3390.148,0.818,2.045,1.227,2.454,3.477,3.886,0.104,4.09
2025-07-24,30770.747,15784.056,7886.162,20660.937,4655.586,3637.009,46123.855,31199.488,12605.545,7779.866,13617.681,7676.456,2000.0,8000.0,5010.36,24000.0,3000.0,13598.032,10666.801,20647.697,4919.476,3396.026,0.818,2.045,1.227,2.453,3.476,3.885,0.1,4.089
2025-07-25,30718.228,15805.523,7886.013,20753.985,4680.828,3603.581,46119.874,31204.544,12588.777,7877.058,13617.681,7674.629,2000.0,8000.0,5032.056,24000.0,3000.0,13602.349,10669.107,20661.239,4928.596,3401.265,0.818,2.044,1.226,2.453,3.475,3.883,0.113,4.088
2025-07-28,30672.998,15892.928,7873.771,20757.889,4672.943,3592.696,46122.488,31204.86,12606.026,7894.279,13617.681,7672.801,2000.0,8000.0,5048.242,24000.0,3000.0,13606.668,10671.388,20674.576,4938.29,3406.987,0.817,2.042,1.225,2.451,3.472,3.88,0.103,4.084
2025-07-29,30682.42,15902.313,7866.115,20813.963,4657.727,3565.106,46147.842,31210.694,12611.257,7895.26,13617.681,7670.974,2000.0,8000.0,5055.076,24000.0,3000.0,13610.987,10673.729,20688.417,4948.442,3413.051,0.817,2.042,1.225,2.45,3.471,3.879,0.085,4.083
2025-07-30,30745.192,15911.931,7879.642,20772.36,4674.554,3542.708,46186.098,31217.761,12608.564,7911.374,13617.681,7669.148,2000.0,8000.0,5068.929,24000.0,3000.0,13615.308,10676.09,20702.248,4958.568,3418.855,0.816,2.041,1.225,2.449,3.47,3.878,0.083,4.082
2025-07-31,30745.976,15909.266,7909.216,20800.616,4658.891,3553.673,46139.488,31212.751,12632.622,8014.58,13617.681,7667.322,2000.0,8000.0,5087.176,24000.0,3000.0,13619.63,10678.418,20716.097,4968.529,3424.604,0.816,2.04,1.224,2.448,3.469,3.877,0.085,4.081
2025-08-01,30693.124,15845.156,7911.992,20752.197,4680.533,3518.667,46184.975,31236.126,12624.386,7785.482,13617.681,7665.496,2000.0,8000.0,5088.525,24000.0,3000.0,13623.954,10680.773,20730.313,4978.923,3430.683,0.816,2.04,1.224,2.448,3.468,3.876,0.071,4.08
2025-08-04,30639.668,15869.744,7924.151,20779.939,4693.389,3523.109,46154.446,31238.989,12647.302,7840.101,13617.681,7663.671,2000.0,8000.0,5103.911,24000.0,3000.0,13628.279,10683.198,20744.932,4989.704,3437.024,0.815,2.038,1.223,2.446,3.465,3.872,0.05,4.076
2025-08-05,30569.556,15953.132,7915.593,20832.167,4696.63,3548.188,46131.5,31230.491,12648.033,7970.596,13617.681,7661.847,2000.0,8000.0,5112.276,24000.0,3000.0,13632.606,10685.665,20760.049,5000.736,3443.496,0.815,2.037,1.222,2.445,3.464,3.871,0.034,4.075
2025-08-06,30552.848,15951.831,7873.038,20949.386,4694.745,3566.628,46053.324,31226.661,12622.994,8166.819,13617.681,7660.022,2000.0,8000.0,5122.091,24000.0,3000.0,13636.933,10688.096,20774.715,5011.271,3449.737,0.815,2.037,1.222,2.444,3.463,3.87,0.046,4.074
2025-08-07,30510.889,15955.352,7890.776,20989.914,4675.073,3553.518,46144.675,31240.789,12638.017,8039.298,13617.681,7658.199,2000.0,8000.0,5121.872,24000.0,3000.0,13641.263,10690.534,20789.397,5022.024,3456.052,0.814,2.036,1.222,2.443,3.462,3.869,0.039,4.072
2025-08-08,30490.14,15991.21,7904.919,21020.886,4685.692,3591.156,46076.673,31223.823,12626.809,8259.339,13617.681,7656.375,2000.0,8000.0,5131.103,24000.0,3000.0,13645.593,10692.954,20804.034,5032.504,3462.373,0.814,2.036,1.221,2.443,3.461,3.868,0.04,4.071
2025-08-11,30505.332,15995.556,7921.207,20848.118,4704.453,3584.954,46068.596,31226.121,12623.39,8160.333,13617.681,7654.552,2000.0,8000.0,5141.127,24000.0,3000.0,13649.925,10695.367,20818.399,5042.933,3468.474,0.814,2.034,1.22,2.441,3.458,3.864,0.046,4.068
2025-08-12,30537.831,16033.531,7931.533,20817.627,4642.719,3580.264,45943.269,31235.863,12614.066,8287.382,13617.681,7652.73,2000.0,8000.0,5153.229,24000.0,3000.0,13654.258,10697.732,20832.465,5052.974,3474.397,0.813,2.033,1.22,2.44,3.457,3.863,0.055,4.067
2025-08-13,30573.416,16046.395,7916.846,20902.772,4625.116,3569.299,45907.423,31206.801,12612.346,8471.252,13617.681,7650.908,2000.0,8000.0,5173.973,24000.0,3000.0,13658.593,10700.09,20846.554,5063.064,3480.241,0.813,2.033,1.22,2.439,3.456,3.862,0.052,4.065
2025-08-14,30601.328,15990.775,7893.455,20930.403,4616.455,3496.145,45990.255,31207.251,12613.599,8306.02,13617.681,7649.086,2000.0,8000.0,5192.401,24000.0,3000.0,13662.929,10702.446,20860.317,5072.856,3486.024,0.813,2.032,1.219,2.439,3.455,3.861,0.059,4.064
2025-08-15,30618.216,16024.689,7894.662,20986.318,4603.365,3458.201,45943.881,31221.088,12628.228,8394.465,13617.681,7647.265,2000.0,8000.0,5199.889,24000.0,3000.0,13667.267,10704.81,20874.274,5082.814,3491.906,0.813,2.032,1.219,2.438,3.454,3.86,0.049,4.063
2025-08-18,30629.192,16080.933,7890.289,21144.28,4607.711,3475.246,45865.042,31229.799,12640.041,8705.822,13617.681,7645.444,2000.0,8000.0,5204.574,24000.0,3000.0,13671.605,10707.175,20888.285,5092.89,3497.771,0.812,2.03,1.218,2.436,3.451,3.857,0.046,4.059
2025-08-19,30618.854,16126.344,7859.59,21178.697,4605.453,3521.4,45897.78,31226.981,12642.318,8772.859,13617.681,7643.624,2000.0,8000.0,5214.958,24000.0,3000.0,13675.946,10709.552,20902.397,5103.049,3503.762,0.812,2.029,1.217,2.435,3.45,3.855,0.036,4.058
2025-08-20,30651.793,16130.237,7866.979,21261.754,4630.856,3473.677,45868.108,31252.369,12643.006,8908.709,13617.681,7641.804,2000.0,8000.0,5236.093,24000.0,3000.0,13680.287,10711.864,20915.938,5112.744,3509.426,0.811,2.029,1.217,2.434,3.449,3.854,0.053,4.057
2025-08-21,30709.959,16175.289,7867.841,21323.719,4673.396,3504.225,45866.716,31254.206,12625.234,9000.0,13617.681,7639.984,2000.0,8000.0,5246.821,23817.941,3000.0,13684.63,10714.169,20929.385,5122.235,3515.051,0.811,2.028,1.217,2.434,3.448,3.853,0.054,4.056
2025-08-22,30732.097,16263.508,7902.294,21411.361,4736.016,3541.325,45801.875,31238.36,12637.788,9000.0,13617.681,7638.165,2000.0,8000.0,5271.42,23386.873,3000.0,13688.974,10716.487,20943.046,5131.737,3520.748,0.811,2.027,1.216,2.433,3.447,3.852,0.046,4.055
2025-08-25,30701.884,16234.297,7871.384,21385.185,4752.756,3536.046,45819.369,31244.776,12643.963,8887.862,13617.681,7636.347,2000.0,8000.0,5288.252,23386.873,3000.0,13693.32,10718.799,20956.627,5141.317,3526.429,0.81,2.026,1.215,2.431,3.444,3.849,0.044,4.051
2025-08-26,30686.995,16194.508,7883.079,21378.91,4782.884,3526.581,45825.065,31257.602,12630.022,8859.491,13617.681,7634.528,2000.0,8000.0,5286.892,23386.873,3000.0,13697.667,10721.112,20970.191,5150.891,3532.037,0.81,2.025,1.215,2.43,3.443,3.848,0.044,4.05
2025-08-27,30662.531,16176.438,7872.524,21439.436,4797.626,3561.848,45869.311,31253.657,12619.543,8907.223,13617.681,7632.711,2000.0,8000.0,5300.833,23386.873,3000.0,13702.016,10723.399,20983.141,5160.205,3537.538,0.81,2.024,1.215,2.429,3.442,3.846,0.054,4.049
2025-08-28,30622.623,16130.801,7901.023,21436.265,4816.447,3535.835,45796.172,31286.698,12608.477,8907.144,13617.681,7630.893,2000.0,8000.0,5310.833,23386.873,3000.0,13706.365,10725.708,20996.693,5169.705,3543.144,0.81,2.024,1.214,2.429,3.441,3.845,0.036,4.048
2025-08-29,30593.887,16108.684,7898.398,21428.725,4782.264,3516.94,45755.486,31304.248,12619.74,8813.599,13617.681,7629.077,2000.0,8000.0,5313.343,23386.873,3000.0,13710.717,10728.033,21010.305,5179.281,3548.841,0.809,2.023,1.214,2.428,3.44,3.844,0.027,4.046
2025-09-01,30606.816,16087.305,7897.139,21409.567,4828.989,3576.536,45712.693,31307.007,12616.444,8949.868,13617.681,7627.26,2000.0,8000.0,5322.657,23386.873,3000.0,13715.069,10730.35,21023.841,5188.852,3554.505,0.809,2.021,1.213,2.426,3.436,3.841,0.028,4.043
2025-09-02,30540.666,16121.655,7898.644,21555.01,4827.412,3612.467,45705.77,31300.425,12613.522,9000.0,13617.681,7625.444,2000.0,8000.0,5322.309,23265.255,3000.0,13719.423,10732.564,21036.415,5197.596,3559.649,0.808,2.021,1.213,2.425,3.435,3.84,0.063,4.042
2025-09-03,30589.749,16127.177,7910.467,21432.239,4811.121,3599.988,45767.03,31310.636,12613.722,8857.829,13617.681,7623.628,2000.0,8000.0,5330.752,23265.255,3000.0,13723.779,10734.716,21048.552,5206.042,3564.575,0.808,2.02,1.212,2.424,3.434,3.839,0.074,4.041
2025-09-04,30625.24,16135.823,7917.788,21456.632,4792.165,3639.437,45769.823,31305.119,12599.452,8979.842,13617.681,7621.813,2000.0,8000.0,5333.256,23265.255,3000.0,13728.135,10736.889,21060.735,5214.373,3569.567,0.808,2.02,1.212,2.424,3.433,3.837,0.07,4.039
2025-09-05,30595.163,16200.354,7931.631,21460.14,4771.078,3700.775,45741.891,31320.793,12616.674,9000.0,13617.681,7619.999,2000.0,8000.0,5348.202,23177.2,3000.0,13732.494,10739.032,21072.52,5222.374,3574.202,0.808,2.019,1.211,2.423,3.432,3.836,0.077,4.038
2025-09-08,30588.799,16214.181,7942.652,21534.53,4831.722,3716.76,45750.806,31317.536,12601.08,9000.0,13617.681,7618.184,2000.0,8000.0,5357.53,22982.259,3000.0,13736.853,10741.09,21083.599,5229.917,3578.519,0.807,2.017,1.21,2.421,3.429,3.833,0.1,4.035
2025-09-09,30528.944,16295.434,7962.319,21626.822,4829.337,3680.658,45739.593,31324.097,12627.027,9000.0,13617.681,7616.37,2000.0,8000.0,5347.174,22912.866,3000.0,13741.214,10743.192,21094.769,5237.616,3583.042,0.807,2.017,1.21,2.42,3.428,3.832,0.091,4.033
2025-09-10,30575.534,16312.736,7973.541,21626.326,4881.419,3699.523,45769.207,31313.484,12629.04,9000.0,13617.681,7614.557,2000.0,8000.0,5371.506,22757.806,3000.0,13745.576,10745.344,21106.268,5245.762,3587.668,0.806,2.016,1.21,2.419,3.427,3.831,0.082,4.032
2025-09-11,30582.002,16410.4,7992.67,21607.691,4886.457,3734.514,45785.228,31313.609,12621.633,9000.0,13617.681,7612.744,2000.0,8000.0,5357.861,22629.359,3000.0,13749.94,10747.475,21117.449,5253.076,3591.938,0.806,2.016,1.209,2.419,3.426,3.83,0.093,4.031
2025-09-12,30592.695,16412.521,8004.713,21579.433,4901.028,3754.024,45785.366,31301.801,12632.794,9000.0,13617.681,7610.932,2000.0,8000.0,5374.583,22575.271,3000.0,13754.305,10749.514,21128.425,5260.17,3596.37,0.806,2.015,1.209,2.418,3.425,3.828,0.094,4.03
2025-09-15,30563.308,16470.616,8001.969,21533.96,4968.916,3774.502,45807.422,31298.41,12626.167,9000.0,13617.681,7609.119,2000.0,8000.0,5380.062,22506.795,3000.0,13758.671,10751.58,21138.852,5267.37,3600.659,0.805,2.013,1.208,2.416,3.422,3.825,0.097,4.026
2025-09-16,30548.257,16488.454,7985.119,21496.324,5022.538,3769.101,45816.586,31300.079,12643.604,8983.63,13617.681,7607.308,2000.0,8000.0,5389.261,22506.795,3000.0,13763.039,10753.664,21149.894,5274.846,3605.043,0.805,2.013,1.208,2.415,3.421,3.824,0.085,4.025
2025-09-17,30556.768,16473.999,7993.654,21574.409,4968.539,3742.704,45842.849,31316.581,12626.57,8982.296,13617.681,7605.496,2000.0,8000.0,5407.196,22506.795,3000.0,13767.409,10755.677,21160.272,5281.683,3608.925,0.805,2.012,1.207,2.414,3.42,3.823,0.105,4.024
2025-09-18,30600.503,16480.829,7984.64,21652.412,4967.498,3755.686,45890.044,31324.134,12630.927,9000.0,13617.681,7603.686,2000.0,8000.0,5430.983,22422.142,3000.0,13771.779,10757.636,21169.866,5287.736,3612.746,0.805,2.011,1.207,2.414,3.419,3.822,0.118,4.023
2025-09-19,30638.772,16497.621,7978.481,21649.993,4999.933,3765.498,45890.451,31352.775,12629.492,9000.0,13617.681,7601.875,2000.0,8000.0,5441.584,22344.242,3000.0,13776.151,10759.558,21179.498,5294.35,3616.733,0.804,2.011,1.207,2.413,3.418,3.821,0.116,4.022
2025-09-22,30650.505,16481.438,7976.433,21714.386,5018.567,3809.61,45906.916,31352.176,12598.998,9000.0,13617.681,7600.065,2000.0,8000.0,5454.764,22189.609,3000.0,13780.525,10761.479,21189.27,5300.168,3620.175,0.804,2.009,1.205,2.411,3.415,3.817,0.116,4.018
2025-09-23,30652.866,16458.56,7982.732,21673.976,5091.98,3808.711,45895.436,31369.761,12629.538,8996.313,13617.681,7598.256,2000.0,8000.0,5463.651,22189.609,3000.0,13784.899,10763.507,21200.205,5307.544,3624.443,0.803,2.008,1.205,2.41,3.414,3.816,0.083,4.017
2025-09-24,30625.557,16440.242,7988.978,21693.89,5096.568,3800.636,45999.041,31389.267,12616.743,8870.499,13617.681,7596.447,2000.0,8000.0,5464.921,22189.609,3000.0,13789.275,10765.591,21210.664,5314.543,3628.589,0.803,2.008,1.205,2.409,3.413,3.815,0.088,4.016
2025-09-25,30563.239,16516.21,8021.519,21761.658,5082.576,3775.902,45988.662,31411.652,12632.493,8932.725,13617.681,7594.638,2000.0,8000.0,5473.486,22189.609,3000.0,13793.653,10767.632,21221.347,5322.022,3632.635,0.803,2.007,1.204,2.409,3.412,3.814,0.081,4.015
2025-09-26,30554.379,16531.287,7987.229,21906.0,5133.541,3812.317,46051.074,31391.932,12644.205,9000.0,13617.681,7592.83,2000.0,8000.0,5491.3,22083.637,3000.0,13798.032,10769.687,21231.648,5329.253,3636.927,0.803,2.007,1.204,2.408,3.411,3.813,0.083,4.013
2025-09-29,30560.07,16567.343,7978.585,21875.988,5143.401,3827.878,45982.047,31388.982,12641.246,9000.0,13617.681,7591.022,2000.0,8000.0,5512.588,21952.712,3000.0,13802.412,10771.704,21241.871,5335.811,3640.861,0.802,2.005,1.203,2.406,3.408,3.809,0.088,4.01
2025-09-30,30616.433,16587.837,7960.096,21878.289,5149.583,3798.996,45969.834,31372.34,12624.171,9000.0,13617.681,7589.214,2000.0,8000.0,5523.045,21852.168,3000.0,13806.794,10773.741,21252.607,5343.009,3645.196,0.802,2.004,1.203,2.405,3.407,3.808,0.08,4.009
2025-10-01,30606.548,16503.286,7945.595,21848.572,5155.088,3889.917,45883.901,31375.934,12612.544,9000.0,13617.681,7587.408,2000.0,8000.0,5535.007,21782.276,3000.0,13811.177,10775.848,21263.902,5350.84,3649.717,0.802,2.004,1.202,2.404,3.406,3.807,0.056,4.008
2025-10-02,30626.168,16447.264,7942.036,21869.802,5168.27,3903.082,45791.077,31386.842,12596.434,9000.0,13617.681,7585.601,2000.0,8000.0,5545.14,21660.311,3000.0,13815.562,10777.936,21274.846,5358.437,3654.111,0.801,2.003,1.202,2.404,3.405,3.806,0.061,4.006
2025-10-03,30631.482,16541.018,7928.745,21927.282,5153.783,3992.796,45799.878,31372.528,12600.709,9000.0,13617.681,7583.795,2000.0,8000.0,5554.04,21425.495,3000.0,13819.947,10780.045,21286.136,5366.046,3658.551,0.801,2.003,1.202,2.403,3.404,3.805,0.052,4.005
2025-10-06,30651.754,16510.702,7937.921,22134.162,5143.251,3983.134,45804.549,31372.933,12590.513,9000.0,13617.681,7581.989,2000.0,8000.0,5549.784,21232.622,3000.0,13824.335,10782.136,21297.574,5373.601,3663.074,0.8,2.001,1.2,2.401,3.401,3.802,0.049,4.002
2025-10-07,30638.037,16525.001,7921.198,22055.948,5227.136,3978.991,45872.352,31397.059,12604.629,8897.815,13617.681,7580.184,2000.0,8000.0,5562.064,21232.622,3000.0,13828.723,10784.238,21309.123,5381.323,3667.657,0.8,2.0,1.2,2.4,3.4,3.8,0.044,4.0
2025-10-08,30624.893,16516.164,7953.127,22180.683,5211.655,4019.289,45825.403,31387.488,12598.651,9000.0,13617.681,7578.379,2000.0,8000.0,5572.268,21096.411,3000.0,13833.114,10786.353,21320.615,5389.056,3672.201,0.8,2.0,1.2,2.4,3.399,3.799,0.042,3.999
2025-10-09,30672.892,16496.845,7980.216,22262.387,5209.036,4037.258,45868.862,31360.433,12611.479,9000.0,13617.681,7576.575,2000.0,8000.0,5568.526,20970.364,3000.0,13837.505,10788.509,21332.588,5397.152,3676.974,0.8,1.999,1.199,2.399,3.398,3.798,0.017,3.998
2025-10-10,30707.093,16493.559,7974.116,22274.904,5188.438,4015.744,45896.515,31365.624,12606.361,8980.888,13617.681,7574.771,2000.0,8000.0,5575.723,20970.364,3000.0,13841.898,10790.606,21344.078,5404.747,3681.483,0.799,1.998,1.199,2.398,3.397,3.797,0.038,3.997
2025-10-13,30728.506,16500.678,7978.503,22210.355,5196.763,4062.287,45903.61,31385.397,12633.341,8961.464,13617.681,7572.967,2000.0,8000.0,5580.71,20970.364,3000.0,13846.292,10792.691,21355.386,5412.143,3685.903,0.799,1.997,1.198,2.396,3.394,3.794,0.044,3.993
2025-10-14,30753.917,16456.545,7999.304,22241.534,5141.496,4045.949,45884.968,31413.65,12607.008,8964.279,13617.681,7571.164,2000.0,8000.0,5598.951,20970.364,3000.0,13850.688,10794.719,21366.182,5419.143,3690.089,0.798,1.996,1.198,2.395,3.393,3.793,0.06,3.992
2025-10-15,30772.18,16463.632,7997.866,22290.463,5120.356,4069.353,45872.947,31438.149,12579.047,9000.0,13617.681,7569.362,2000.0,8000.0,5612.832,20895.418,3000.0,13855.085,10796.618,21376.121,5425.602,3693.967,0.798,1.995,1.197,2.395,3.392,3.791,0.084,3.991
2025-10-16,30768.997,16481.726,8019.175,22295.28,5169.257,4042.111,45921.614,31447.938,12549.5,9000.0,13617.681,7567.559,2000.0,8000.0,5640.993,20827.269,3000.0,13859.483,10798.604,21386.159,5432.12,3697.71,0.798,1.995,1.197,2.394,3.391,3.79,0.081,3.99
2025-10-17,30772.668,16530.327,7998.549,22297.386,5200.364,4104.211,45913.371,31453.481,12543.863,9000.0,13617.681,7565.758,2000.0,8000.0,5643.431,20683.334,3000.0,13863.883,10800.626,21396.749,5439.131,3701.785,0.798,1.994,1.197,2.393,3.39,3.789,0.056,3.989
2025-10-20,30766.161,16565.495,7990.897,22319.998,5208.427,4061.156,45955.466,31472.368,12534.74,8965.014,13617.681,7563.956,2000.0,8000.0,5645.472,20683.334,3000.0,13868.284,10802.666,21407.672,5446.249,3705.954,0.797,1.993,1.196,2.391,3.387,3.786,0.046,3.985
2025-10-21,30707.82,16596.98,8003.873,22427.78,5231.707,4065.504,46022.61,31481.406,12556.018,9000.0,13617.681,7562.155,2000.0,8000.0,5651.668,20681.851,3000.0,13872.687,10804.737,21418.838,5453.525,3710.269,0.797,1.992,1.195,2.39,3.386,3.785,0.033,3.984
2025-10-22,30675.572,16600.09,8000.427,22439.293,5229.297,4032.365,45998.557,31497.989,12540.053,8981.247,13617.681,7560.355,2000.0,8000.0,5659.896,20681.851,3000.0,13877.091,10806.821,21429.984,5460.748,3714.617,0.797,1.991,1.195,2.39,3.385,3.784,0.031,3.983
2025-10-23,30713.392,16606.336,7986.363,22357.218,5223.634,4004.437,45997.302,31501.975,12532.464,8911.378,13617.681,7558.555,2000.0,8000.0,5664.629,20681.851,3000.0,13881.496,10808.881,21441.009,5467.95,3718.844,0.796,1.991,1.194,2.389,3.384,3.782,0.037,3.982
2025-10-24,30766.734,16632.085,7998.138,22382.606,5234.134,4032.444,46060.366,31526.616,12534.02,8994.083,13617.681,7556.755,2000.0,8000.0,5675.625,20681.851,3000.0,13885.903,10810.97,21452.302,5475.438,3723.256,0.796,1.99,1.194,2.388,3.383,3.781,0.016,3.98
2025-10-27,30837.083,16703.743,8035.589,22387.175,5245.082,3990.432,45977.127,31542.15,12544.451,9000.0,13617.681,7554.956,2000.0,8000.0,5689.318,20457.631,3000.0,13890.311,10813.042,21463.349,5482.685,3727.567,0.795,1.988,1.193,2.386,3.38,3.778,0.027,3.977
2025-10-28,30885.727,16688.204,8033.665,22396.337,5251.809,3970.311,45955.255,31551.681,12545.187,9000.0,13617.681,7553.157,2000.0,8000.0,5669.968,20432.219,3000.0,13894.721,10815.122,21474.541,5490.096,3731.935,0.795,1.988,1.193,2.385,3.379,3.777,0.014,3.976
2025-10-29,30917.07,16757.283,8058.928,22334.797,5256.57,3935.016,45919.208,31568.873,12552.341,9000.0,13617.681,7551.359,2000.0,8000.0,5676.826,20373.839,3000.0,13899.132,10817.175,21485.531,5497.296,3736.183,0.795,1.987,1.192,2.385,3.378,3.776,0.024,3.974
2025-10-30,30988.65,16777.263,8049.646,22405.4,5272.251,3932.834,45902.267,31577.001,12563.13,9000.0,13617.681,7549.561,2000.0,8000.0,5692.609,20187.441,3000.0,13903.544,10819.214,21496.356,5504.348,3740.401,0.795,1.987,1.192,2.384,3.377,3.775,0.028,3.973
2025-10-31,30993.043,16776.301,8079.01,22410.405,5305.7,3937.169,45941.675,31564.772,12574.244,9000.0,13617.681,7547.763,2000.0,8000.0,5710.232,20126.315,3000.0,13907.958,10821.252,21507.075,5511.36,3744.535,0.794,1.986,1.192,2.383,3.376,3.773,0.029,3.972
2025-11-03,30955.119,16777.608,8079.936,22346.187,5322.401,3944.15,45952.482,31552.368,12591.978,8903.966,13617.681,7545.966,2000.0,8000.0,5700.351,20126.315,3000.0,13912.374,10823.278,21517.69,5518.206,3748.504,0.794,1.984,1.191,2.381,3.373,3.77,0.033,3.969
2025-11-04,31054.553,16835.885,8059.983,22293.57,5290.251,3875.864,45932.96,31574.623,12600.589,8888.109,13617.681,7544.169,2000.0,8000.0,5704.919,20126.315,3000.0,13916.79,10825.3,21528.302,5525.078,3752.489,0.793,1.984,1.19,2.38,3.372,3.769,0.031,3.967
2025-11-05,31030.244,16863.129,8048.093,22269.512,5287.911,3853.429,45977.876,31577.94,12596.617,8811.096,13617.681,7542.373,2000.0,8000.0,5723.741,20126.315,3000.0,13921.208,10827.319,21538.91,5531.988,3756.542,0.793,1.983,1.19,2.38,3.371,3.768,0.028,3.966
2025-11-06,31077.234,16802.217,8070.992,22211.507,5281.685,3866.26,45969.494,31575.032,12601.189,8784.409,13617.681,7540.577,2000.0,8000.0,5726.544,20126.315,3000.0,13925.628,10829.361,21549.723,5539.023,3760.706,0.793,1.982,1.189,2.379,3.37,3.767,0.012,3.965
2025-11-07,31108.158,16843.431,8088.638,22154.66,5256.082,3876.109,45984.731,31557.439,12618.17,8792.259,13617.681,7538.782,2000.0,8000.0,5725.62,20126.315,3000.0,13930.048,10831.384,21560.404,5545.926,3764.781,0.793,1.982,1.189,2.378,3.369,3.766,0.019,3.964
2025-11-10,31191.69,16888.709,8111.786,22123.775,5233.995,3860.36,46026.809,31568.512,12612.608,8833.063,13617.681,7536.987,2000.0,8000.0,5724.559,20126.315,3000.0,13934.471,10833.346,21570.377,5552.109,3768.49,0.792,1.98,1.188,2.376,3.366,3.762,0.047,3.96
2025-11-11,31134.636,16911.8,8112.387,22009.911,5200.026,3897.897,45966.726,31579.867,12631.398,8731.328,13617.681,7535.193,2000.0,8000.0,5730.326,20126.315,3000.0,13938.894,10835.202,21579.43,5557.668,3771.883,0.792,1.98,1.188,2.375,3.365,3.761,0.073,3.959
2025-11-12,31117.439,16948.316,8120.188,21879.615,5215.188,3852.122,45952.819,31585.983,12620.893,8613.136,13617.681,7533.398,2000.0,8000.0,5721.406,20126.315,3000.0,13943.319,10836.986,21588.457,5562.58,3775.087,0.792,1.979,1.187,2.375,3.364,3.76,0.087,3.958
2025-11-13,31140.184,16918.6,8096.372,21801.721,5201.495,3830.145,45999.732,31579.634,12619.986,8438.021,13617.681,7531.605,2000.0,8000.0,5724.082,20126.315,3000.0,13947.746,10838.802,21597.014,5567.465,3778.138,0.791,1.978,1.187,2.374,3.363,3.759,0.091,3.957
2025-11-14,31152.499,16943.475,8069.495,21764.667,5182.307,3817.704,46045.845,31549.452,12631.122,8369.547,13617.681,7529.812,2000.0,8000.0,5734.822,20126.315,3000.0,13952.174,10840.643,21605.927,5572.755,3781.159,0.791,1.978,1.187,2.373,3.362,3.758,0.079,3.956
2025-11-17,31126.615,16915.848,8061.433,21929.809,5126.522,3793.223,46037.189,31562.948,12636.126,8410.282,13617.681,7528.019,2000.0,8000.0,5755.877,20126.315,3000.0,13956.603,10842.431,21614.121,5577.336,3783.896,0.79,1.976,1.186,2.371,3.359,3.754,0.093,3.952
2025-11-18,31095.888,16946.205,8074.127,21905.476,5120.284,3797.226,46101.506,31529.855,12659.58,8360.998,13617.681,7526.226,2000.0,8000.0,5769.292,20126.315,3000.0,13961.034,10844.227,21622.732,5582.102,3786.794,0.79,1.975,1.185,2.37,3.358,3.753,0.087,3.951
2025-11-19,31130.265,16955.341,8071.773,21851.734,5101.457,3789.658,46087.007,31516.825,12671.037,8344.989,13617.681,7524.434,2000.0,8000.0,5769.964,20126.315,3000.0,13965.466,10846.046,21631.177,5587.38,3789.902,0.79,1.975,1.185,2.37,3.357,3.752,0.082,3.95
2025-11-20,31123.754,16998.215,8083.469,21886.762,5112.763,3826.761,46093.738,31512.53,12649.722,8499.914,13617.681,7522.643,2000.0,8000.0,5768.29,20126.315,3000.0,13969.899,10847.877,21640.025,5592.528,3793.038,0.79,1.974,1.185,2.369,3.356,3.751,0.076,3.948
2025-11-21,31177.402,16986.022,8080.093,22045.747,5119.212,3820.13,45976.499,31526.767,12645.916,8805.631,13617.681,7520.852,2000.0,8000.0,5764.091,20126.315,3000.0,13974.334,10849.729,21648.5,5597.753,3796.163,0.789,1.974,1.184,2.368,3.355,3.75,0.074,3.947
2025-11-24,31177.122,16926.039,8084.914,21884.042,5122.242,3793.241,45861.785,31539.124,12638.025,8673.017,13617.681,7519.061,2000.0,8000.0,5756.009,20126.315,3000.0,13978.77,10851.604,21657.373,5603.144,3799.408,0.789,1.972,1.183,2.366,3.352,3.747,0.067,3.944
2025-11-25,31179.118,16964.253,8106.835,21863.436,5102.045,3839.876,45823.073,31552.293,12623.823,8771.91,13617.681,7517.271,2000.0,8000.0,5740.964,20126.315,3000.0,13983.208,10853.461,21666.215,5608.669,3802.566,0.789,1.971,1.183,2.366,3.351,3.745,0.065,3.943
2025-11-26,31162.495,16991.261,8104.052,21738.277,5137.017,3818.654,45791.014,31537.819,12615.691,8739.401,13617.681,7515.481,2000.0,8000.0,5751.37,20126.315,3000.0,13987.647,10855.357,21675.486,5614.364,3805.984,0.788,1.971,1.182,2.365,3.35,3.744,0.051,3.941
2025-11-27,31138.651,16983.709,8105.634,21881.122,5126.185,3834.57,45814.013,31524.597,12618.015,8862.356,13617.681,7513.692,2000.0,8000.0,5762.08,20126.315,3000.0,13992.088,10857.249,21685.035,5619.992,3809.385,0.788,1.97,1.182,2.364,3.349,3.743,0.048,3.94
2025-11-28,31128.183,16992.039,8100.546,21821.456,5144.063,3877.781,45809.292,31523.616,12637.37,8843.852,13617.681,7511.903,2000.0,8000.0,5756.8,20126.315,3000.0,13996.53,10859.058,21693.517,5624.747,3812.209,0.788,1.969,1.182,2.363,3.348,3.742,0.077,3.939
2025-12-01,31148.239,16981.365,8103.456,21996.277,5197.298,3853.836,45867.779,31513.185,12651.672,9000.0,13617.681,7510.114,2000.0,8000.0,5763.643,20115.345,3000.0,14000.973,10860.857,21702.158,5629.799,3815.155,0.787,1.968,1.181,2.361,3.345,3.739,0.074,3.935
2025-12-02,31150.857,17015.926,8093.322,21953.155,5217.215,3881.889,45826.887,31500.724,12630.682,9000.0,13617.681,7508.326,2000.0,8000.0,5767.294,19999.226,3000.0,14005.418,10862.705,21710.841,5634.839,3818.163,0.787,1.967,1.18,2.361,3.344,3.738,0.069,3.934
2025-12-03,31110.862,16993.922,8115.479,22047.794,5269.382,3852.832,45818.696,31500.101,12639.695,9000.0,13617.681,7506.538,2000.0,8000.0,5751.687,19930.889,3000.0,14009.864,10864.527,21719.166,5639.585,3821.094,0.787,1.967,1.18,2.36,3.343,3.736,0.074,3.933
2025-12-04,31097.494,16966.518,8125.909,22103.073,5298.045,3796.166,45820.903,31513.824,12640.996,8989.915,13617.681,7504.751,2000.0,8000.0,5755.665,19930.889,3000.0,14014.311,10866.274,21727.393,5644.083,3823.956,0.786,1.966,1.18,2.359,3.342,3.735,0.08,3.932
2025-12-05,31062.027,16975.98,8116.163,22035.739,5261.776,3744.518,45825.626,31525.936,12660.237,8771.92,13617.681,7502.964,2000.0,8000.0,5758.512,19930.889,3000.0,14018.76,10868.104,21736.143,5649.335,3826.898,0.786,1.965,1.179,2.358,3.341,3.734,0.064,3.931
2025-12-08,31048.453,16977.391,8081.873,21995.175,5251.869,3766.628,45828.071,31504.893,12660.013,8734.818,13617.681,7501.178,2000.0,8000.0,5771.164,19930.889,3000.0,14023.211,10869.935,21744.795,5654.455,3829.937,0.785,1.964,1.178,2.356,3.338,3.731,0.061,3.927
2025-12-09,31131.817,16933.516,8099.904,22107.677,5252.537,3765.767,45796.492,31531.973,12688.567,8884.854,13617.681,7499.392,2000.0,8000.0,5769.189,19930.889,3000.0,14027.663,10871.726,21753.139,5659.292,3832.904,0.785,1.963,1.178,2.356,3.337,3.73,0.072,3.926
2025-12-10,31133.442,16853.397,8128.571,22098.717,5217.688,3766.486,45779.934,31523.837,12714.675,8808.197,13617.681,7497.606,2000.0,8000.0,5780.626,19930.889,3000.0,14032.116,10873.483,21761.247,5663.985,3835.709,0.785,1.962,1.177,2.355,3.336,3.729,0.073,3.925
2025-12-11,31191.856,16828.608,8155.102,22027.933,5207.685,3767.622,45758.931,31539.71,12736.826,8785.518,13617.681,7495.821,2000.0,8000.0,5788.223,19930.889,3000.0,14036.571,10875.272,21769.677,5668.588,3838.47,0.785,1.962,1.177,2.354,3.335,3.727,0.073,3.924
2025-12-12,31206.585,16876.406,8141.346,21995.339,5213.328,3783.098,45881.228,31533.774,12733.188,8708.175,13617.681,7494.036,2000.0,8000.0,5780.065,19930.889,3000.0,14041.027,10876.977,21777.635,5672.502,3840.965,0.784,1.961,1.177,2.353,3.334,3.726,0.089,3.922
2025-12-15,31230.448,16932.13,8131.556,21995.726,5154.853,3807.814,45898.507,31535.518,12726.934,8748.251,13617.681,7492.252,2000.0,8000.0,5790.241,19930.889,3000.0,14045.484,10878.751,21785.871,5676.627,3843.518,0.784,1.959,1.176,2.351,3.331,3.723,0.077,3.919
2025-12-16,31164.361,16941.56,8117.554,21985.666,5134.464,3812.594,45811.927,31558.152,12763.115,8705.382,13617.681,7490.468,2000.0,8000.0,5809.695,19930.889,3000.0,14049.943,10880.525,21793.644,5681.248,3846.215,0.784,1.959,1.175,2.351,3.33,3.722,0.075,3.918
2025-12-17,31227.647,16989.604,8143.549,22047.803,5126.83,3834.517,45835.874,31550.957,12780.094,8889.81,13617.681,7488.685,2000.0,8000.0,5807.859,19930.889,3000.0,14054.403,10882.315,21801.603,5685.832,3848.873,0.783,1.958,1.175,2.35,3.329,3.721,0.067,3.917
2025-12-18,31166.387,16947.257,8148.733,21959.25,5134.543,3798.068,45853.551,31541.977,12795.742,8658.333,13617.681,7486.902,2000.0,8000.0,5810.194,19930.889,3000.0,14058.865,10884.04,21809.259,5689.873,3851.198,0.783,1.958,1.175,2.349,3.328,3.72,0.084,3.915
2025-12-19,31136.947,16906.614,8137.096,22019.584,5088.921,3818.055,45863.875,31531.739,12811.644,8615.94,13617.681,7485.119,2000.0,8000.0,5824.564,19930.889,3000.0,14063.328,10885.85,21817.638,5694.877,3854.081,0.783,1.957,1.174,2.349,3.327,3.718,0.057,3.914
2025-12-22,31133.898,16935.22,8138.225,22031.84,5095.016,3866.057,45949.53,31542.591,12801.624,8642.98,13617.681,7483.337,2000.0,8000.0,5838.805,19930.889,3000.0,14067.793,10887.678,21826.203,5699.901,3857.119,0.782,1.955,1.173,2.346,3.324,3.715,0.049,3.911
2025-12-23,31161.189,16941.496,8144.275,22133.649,5104.443,3879.987,45882.782,31566.404,12805.936,8856.453,13617.681,7481.555,2000.0,8000.0,5842.625,19930.889,3000.0,14072.259,10889.516,21835.012,5705.107,3860.195,0.782,1.955,1.173,2.346,3.323,3.714,0.044,3.909
2025-12-24,31172.405,16918.268,8145.137,22153.02,5126.181,3881.063,45842.304,31578.558,12775.839,8951.941,13617.681,7479.774,2000.0,8000.0,5842.408,19930.889,3000.0,14076.726,10891.314,21843.433,5709.929,3863.154,0.782,1.954,1.172,2.345,3.322,3.713,0.055,3.908
2025-12-25,31158.78,16914.591,8166.623,22006.116,5139.653,3890.036,45851.68,31567.596,12776.554,8839.032,13617.681,7477.993,2000.0,8000.0,5842.654,19930.889,3000.0,14081.195,10893.102,21851.66,5714.634,3865.935,0.781,1.954,1.172,2.344,3.321,3.712,0.063,3.907
2025-12-26,31133.619,16897.688,8184.241,22077.907,5180.203,3859.709,45749.502,31563.705,12757.628,9000.0,13617.681,7476.212,2000.0,8000.0,5845.495,19900.201,3000.0,14085.665,10894.797,21859.43,5718.74,3868.305,0.781,1.953,1.172,2.344,3.32,3.711,0.079,3.906
2025-12-29,31127.526,16859.914,8165.835,21993.391,5196.481,3804.728,45708.801,31550.4,12776.911,8858.955,13617.681,7474.432,2000.0,8000.0,5848.969,19900.201,3000.0,14090.137,10896.589,21867.572,5723.483,3871.17,0.78,1.951,1.171,2.341,3.317,3.707,0.057,3.902
2025-12-30,31156.771,16915.358,8191.941,21857.764,5242.597,3814.089,45642.423,31550.02,12780.631,8964.57,13617.681,7472.653,2000.0,8000.0,5854.647,19900.201,3000.0,14094.61,10898.33,21875.58,5727.873,3873.842,0.78,1.951,1.17,2.341,3.316,3.706,0.067,3.901
2025-12-31,31161.542,16946.91,8211.424,21856.035,5241.529,3838.495,45616.321,31541.729,12780.066,9000.0,13617.681,7470.874,2000.0,8000.0,5843.383,19828.268,3000.0,14099.084,10900.092,21883.512,5732.46,3876.603,0.78,1.95,1.17,2.34,3.315,3.705,0.062,3.9
2026-01-01,31117.101,16901.045,8203.004,21803.749,5262.598,3801.892,45593.29,31542.194,12753.214,8893.234,13617.681,7469.095,2000.0,8000.0,5847.489,19828.268,3000.0,14103.56,10901.867,21891.684,5737.091,3879.45,0.78,1.949,1.169,2.339,3.313,3.703,0.054,3.898
2026-01-02,31157.394,16929.765,8196.678,21780.588,5251.808,3773.381,45578.907,31562.655,12762.764,8892.462,13617.681,7467.316,2000.0,8000.0,5855.867,19828.268,3000.0,14108.037,10903.62,21899.678,5741.545,3882.081,0.779,1.948,1.169,2.338,3.312,3.701,0.061,3.896
2026-01-05,31194.796,16965.108,8197.827,21831.222,5269.614,3779.28,45628.055,31581.911,12758.401,8995.655,13617.681,7465.538,2000.0,8000.0,5868.61,19828.268,3000.0,14112.516,10905.404,21907.958,5746.265,3884.868,0.778,1.945,1.167,2.334,3.306,3.695,0.05,3.89
2026-01-06,31251.81,16913.621,8191.752,21753.43,5318.268,3774.62,45619.505,31572.172,12762.038,8989.828,13617.681,7463.761,2000.0,8000.0,5876.22,19828.268,3000.0,14116.996,10907.243,21916.796,5751.483,3887.876,0.778,1.944,1.166,2.333,3.305,3.693,0.027,3.888
2026-01-07,31279.636,16919.122,8167.06,21727.259,5304.47,3805.813,45627.992,31590.032,12778.833,8951.957,13617.681,7461.984,2000.0,8000.0,5875.371,19828.268,3000.0,14121.478,10909.078,21925.511,5756.646,3890.906,0.777,1.943,1.166,2.331,3.303,3.691,0.027,3.886
2026-01-08,31345.573,16856.52,8173.092,21736.859,5290.954,3786.04,45635.492,31590.13,12766.097,8954.063,13617.681,7460.207,2000.0,8000.0,5880.401,19828.268,3000.0,14125.961,10910.931,21934.403,5761.994,3894.062,0.777,1.942,1.165,2.33,3.301,3.689,0.014,3.884
2026-01-09,31420.989,16805.012,8191.695,21783.915,5329.359,3795.709,45692.234,31575.744,12772.061,9000.0,13617.681,7458.431,2000.0,8000.0,5886.794,19772.234,3000.0,14130.445,10912.778,21943.273,5767.294,3897.178,0.776,1.941,1.164,2.329,3.299,3.687,0.013,3.881
2026-01-12,31385.154,16775.989,8155.75,21847.864,5245.959,3787.937,45739.747,31548.408,12765.359,8854.297,13617.681,7456.655,2000.0,8000.0,5876.329,19772.234,3000.0,14134.931,10914.6,21951.894,5772.396,3900.183,0.775,1.938,1.163,2.325,3.294,3.682,0.025,3.875
2026-01-13,31372.973,16810.658,8154.803,21885.134,5278.289,3809.505,45702.592,31541.483,12775.679,9000.0,13617.681,7454.88,2000.0,8000.0,5873.919,19767.615,3000.0,14139.418,10916.4,21960.359,5777.259,3903.079,0.775,1.937,1.162,2.324,3.292,3.68,0.034,3.873
2026-01-14,31341.948,16835.659,8158.807,21887.428,5256.078,3801.723,45736.155,31572.568,12778.887,8921.828,13617.681,7453.105,2000.0,8000.0,5887.059,19767.615,3000.0,14143.907,10918.12,21968.1,5781.664,3905.601,0.774,1.936,1.161,2.323,3.291,3.678,0.057,3.871
2026-01-15,31313.675,16807.654,8152.07,21921.644,5194.622,3799.575,45763.643,31567.886,12798.264,8802.105,13617.681,7451.33,2000.0,8000.0,5895.656,19767.615,3000.0,14148.397,10919.866,21976.02,5786.095,3908.067,0.774,1.935,1.161,2.321,3.289,3.676,0.055,3.869
2026-01-16,31358.31,16805.776,8145.17,21943.004,5223.801,3777.588,45777.487,31547.204,12806.132,8882.679,13617.681,7449.556,2000.0,8000.0,5906.587,19767.615,3000.0,14152.889,10921.654,21984.244,5790.765,3910.846,0.773,1.934,1.16,2.32,3.287,3.674,0.037,3.867
2026-01-19,31346.133,16807.811,8143.724,21999.232,5250.799,3769.428,45741.047,31542.975,12798.307,8998.233,13617.681,7447.782,2000.0,8000.0,5903.902,19767.615,3000.0,14157.382,10923.454,21992.478,5795.513,3913.611,0.772,1.93,1.158,2.317,3.282,3.668,0.032,3.861
2026-01-20,31361.165,16851.353,8144.512,21841.06,5232.725,3788.931,45771.689,31555.283,12797.352,8877.119,13617.681,7446.009,2000.0,8000.0,5915.896,19767.615,3000.0,14161.876,10925.251,22000.897,5800.416,3916.479,0.772,1.929,1.158,2.315,3.28,3.666,0.025,3.859
2026-01-21,31379.732,16917.574,8172.994,22003.613,5261.679,3795.276,45711.295,31574.443,12796.412,9000.0,13617.681,7444.236,2000.0,8000.0,5910.212,19536.614,3000.0,14166.372,10927.067,22009.448,5805.399,3919.424,0.771,1.928,1.157,2.314,3.278,3.664,0.015,3.857
2026-01-22,31400.177,17001.73,8186.809,21996.783,5272.557,3844.809,45664.419,31568.121,12772.245,9000.0,13617.681,7442.464,2000.0,8000.0,5905.885,19285.311,3000.0,14170.869,10928.857,22017.692,5810.146,3922.214,0.771,1.927,1.156,2.313,3.277,3.662,0.027,3.855
2026-01-23,31401.466,17072.884,8197.937,22056.937,5241.608,3861.633,45678.009,31567.491,12800.891,9000.0,13617.681,7440.692,2000.0,8000.0,5898.015,19198.915,3000.0,14175.368,10930.649,22025.987,5814.897,3925.049,0.771,1.926,1.156,2.312,3.275,3.66,0.025,3.853
2026-01-26,31431.387,17011.513,8203.874,22153.562,5271.146,3795.373,45717.431,31563.68,12809.908,8996.733,13617.681,7438.92,2000.0,8000.0,5898.716,19198.915,3000.0,14179.868,10932.464,22034.536,5819.883,3927.997,0.769,1.923,1.154,2.308,3.27,3.654,0.006,3.847
2026-01-27,31422.712,17005.077,8193.965,22245.105,5246.774,3831.344,45773.786,31574.815,12827.236,8996.462,13617.681,7437.149,2000.0,8000.0,5898.865,19198.915,3000.0,14184.37,10934.254,22042.805,5824.566,3930.799,0.769,1.922,1.153,2.307,3.268,3.652,0.023,3.844
2026-01-28,31420.976,17023.556,8200.842,22222.69,5218.289,3897.14,45713.05,31568.931,12808.474,9000.0,13617.681,7435.378,2000.0,8000.0,5910.194,19060.955,3000.0,14188.873,10936.024,22050.948,5829.213,3933.552,0.768,1.921,1.153,2.305,3.266,3.65,0.027,3.842
2026-01-29,31454.44,17063.399,8213.057,22082.346,5227.321,3866.62,45711.105,31558.051,12791.202,8973.846,13617.681,7433.608,2000.0,8000.0,5923.978,19060.955,3000.0,14193.377,10937.768,22058.811,5833.552,3936.122,0.768,1.92,1.152,2.304,3.264,3.648,0.036,3.84
2026-01-30,31451.465,17055.652,8230.875,22195.524,5260.647,3871.568,45689.9,31559.82,12778.407,9000.0,13617.681,7431.838,2000.0,8000.0,5919.182,18894.85,3000.0,14197.883,10939.5,22066.552,5837.914,3938.734,0.768,1.919,1.151,2.303,3.263,3.646,0.041,3.838
2026-02-02,31443.462,17030.854,8237.918,22320.268,5253.657,3916.545,45716.356,31562.013,12790.127,9000.0,13617.681,7430.069,2000.0,8000.0,5918.372,18792.779,3000.0,14202.39,10941.207,22073.99,5841.86,3941.104,0.766,1.916,1.15,2.299,3.257,3.64,0.051,3.832
2026-02-03,31454.68,17066.491,8204.147,22284.329,5216.992,3919.65,45684.114,31561.498,12789.616,8975.626,13617.681,7428.3,2000.0,8000.0,5910.866,18792.779,3000.0,14206.899,10942.909,22081.414,5845.74,3943.392,0.766,1.915,1.149,2.298,3.256,3.639,0.053,3.83
2026-02-04,31422.017,17000.069,8195.371,22225.922,5216.671,3860.034,45711.798,31537.608,12785.463,8758.021,13617.681,7426.531,2000.0,8000.0,5912.83,18792.779,3000.0,14211.409,10944.545,22088.256,5849.056,3945.4,0.766,1.914,1.148,2.297,3.254,3.637,0.069,3.828
2026-02-05,31459.375,16977.161,8198.867,22234.807,5232.691,3871.695,45662.841,31526.164,12793.947,8870.846,13617.681,7424.763,2000.0,8000.0,5912.946,18792.779,3000.0,14215.921,10946.144,22094.973,5852.432,3947.222,0.765,1.913,1.148,2.296,3.252,3.635,0.073,3.826
2026-02-06,31498.952,16961.681,8207.316,22196.194,5181.861,3879.878,45659.618,31505.862,12793.115,8852.974,13617.681,7422.995,2000.0,8000.0,5913.151,18792.779,3000.0,14220.434,10947.778,22101.274,5855.606,3949.116,0.765,1.912,1.147,2.294,3.25,3.633,0.076,3.824
2026-02-09,31502.577,16923.038,8199.832,22211.059,5177.391,3844.6,45646.742,31527.662,12787.691,8791.801,13617.681,7421.227,2000.0,8000.0,5916.581,18792.779,3000.0,14224.948,10949.382,22107.485,5858.719,3950.902,0.764,1.909,1.145,2.291,3.245,3.627,0.078,3.818
2026-02-10,31512.041,16963.78,8245.031,22189.799,5149.763,3759.96,45635.163,31508.593,12785.806,8789.024,13617.681,7419.461,2000.0,8000.0,5913.111,18792.779,3000.0,14229.464,10951.051,22114.698,5862.436,3952.984,0.763,1.908,1.145,2.289,3.243,3.625,0.058,3.816
2026-02-11,31502.108,17011.474,8253.882,22102.181,5133.376,3748.279,45596.115,31515.96,12796.797,8738.443,13617.681,7417.694,2000.0,8000.0,5904.628,18792.779,3000.0,14233.981,10952.708,22121.796,5866.128,3955.168,0.763,1.907,1.144,2.288,3.242,3.623,0.056,3.814
2026-02-12,31574.332,16992.472,8258.161,22038.219,5167.228,3744.518,45600.093,31489.894,12794.583,8800.349,13617.681,7415.928,2000.0,8000.0,5912.322,18792.779,3000.0,14238.5,10954.39,22128.88,5869.834,3957.481,0.762,1.906,1.143,2.287,3.24,3.621,0.054,3.812
2026-02-13,31561.089,16967.283,8273.212,21993.007,5179.253,3752.601,45585.21,31483.922,12788.321,8784.447,13617.681,7414.162,2000.0,8000.0,5911.5,18792.779,3000.0,14243.02,10956.042,22135.722,5873.19,3959.664,0.762,1.905,1.143,2.286,3.238,3.619,0.057,3.809
2026-02-16,31556.693,17053.897,8271.053,21992.32,5169.492,3798.645,45617.815,31504.438,12773.607,8882.878,13617.681,7412.397,2000.0,8000.0,5926.395,18792.779,3000.0,14247.542,10957.767,22143.051,5877.121,3962.011,0.761,1.902,1.141,2.282,3.233,3.613,0.041,3.803
2026-02-17,31523.836,17118.107,8243.475,21991.761,5147.074,3809.612,45670.501,31490.872,12784.382,8822.261,13617.681,7410.632,2000.0,8000.0,5917.62,18792.779,3000.0,14252.065,10959.402,22149.822,5880.531,3964.04,0.76,1.901,1.14,2.281,3.231,3.611,0.064,3.801
2026-02-18,31524.169,17053.739,8234.201,21969.748,5140.348,3835.405,45701.334,31496.329,12793.605,8726.03,13617.681,7408.868,2000.0,8000.0,5936.868,18792.779,3000.0,14256.589,10961.043,22156.64,5883.719,3965.954,0.76,1.9,1.14,2.28,3.229,3.609,0.064,3.799
2026-02-19,31490.069,17034.928,8255.958,21996.119,5146.259,3793.944,45732.62,31502.801,12812.538,8656.973,13617.681,7407.104,2000.0,8000.0,5958.546,18792.779,3000.0,14261.115,10962.722,22163.766,5887.397,3968.22,0.759,1.899,1.139,2.278,3.228,3.607,0.049,3.797
2026-02-20,31450.668,16971.541,8249.213,22014.11,5148.696,3806.185,45762.331,31500.408,12806.692,8552.764,13617.681,7405.34,2000.0,8000.0,5946.381,18792.779,3000.0,14265.642,10964.441,22171.321,5891.494,3970.653,0.759,1.898,1.139,2.277,3.226,3.605,0.03,3.795
2026-02-23,31408.371,17004.409,8254.115,22037.46,5171.606,3777.497,45779.106,31526.512,12828.218,8489.569,13617.681,7403.577,2000.0,8000.0,5928.254,18792.779,3000.0,14270.171,10966.158,22178.819,5895.511,3973.04,0.758,1.894,1.137,2.273,3.221,3.599,0.031,3.789
2026-02-24,31352.947,17032.482,8265.284,22001.186,5181.77,3799.135,45824.868,31544.825,12846.989,8397.123,13617.681,7401.814,2000.0,8000.0,5933.015,18792.779,3000.0,14274.701,10967.853,22186.186,5899.377,3975.373,0.757,1.893,1.136,2.272,3.219,3.597,0.035,3.787
2026-02-25,31426.95,16974.868,8285.123,22072.957,5165.372,3843.212,45865.224,31551.87,12831.775,8510.119,13617.681,7400.052,2000.0,8000.0,5936.225,18792.779,3000.0,14279.233,10969.564,22193.695,5903.392,3977.816,0.757,1.892,1.135,2.271,3.217,3.596,0.03,3.785
2026-02-26,31410.696,16988.418,8293.476,22044.642,5164.874,3816.925,45894.844,31537.425,12845.898,8434.387,13617.681,7398.29,2000.0,8000.0,5932.949,18792.779,3000.0,14283.766,10971.26,22201.081,5907.249,3980.137,0.757,1.891,1.135,2.27,3.215,3.594,0.035,3.783
2026-02-27,31443.252,17010.524,8270.299,22025.342,5151.467,3842.25,45832.202,31539.776,12866.299,8508.218,13617.681,7396.528,2000.0,8000.0,5936.491,18792.779,3000.0,14288.301,10972.963,22208.509,5911.17,3982.469,0.756,1.89,1.134,2.268,3.214,3.592,0.031,3.781
2026-03-02,31442.231,16988.464,8276.422,22120.032,5147.842,3830.288,45785.217,31534.442,12840.975,8654.487,13617.681,7394.767,2000.0,8000.0,5936.676,18792.779,3000.0,14292.837,10974.633,22215.469,5914.931,3984.565,0.755,1.887,1.132,2.265,3.208,3.586,0.042,3.774
2026-03-03,31408.639,16945.641,8303.017,21947.245,5127.416,3803.9,45716.63,31558.268,12860.824,8410.239,13617.681,7393.007,2000.0,8000.0,5930.637,18792.779,3000.0,14297.374,10976.323,22222.685,5918.705,3986.762,0.754,1.886,1.132,2.263,3.207,3.584,0.036,3.772
2026-03-04,31412.19,16943.786,8341.277,21914.496,5169.171,3754.175,45773.202,31569.895,12855.288,8352.831,13617.681,7391.246,2000.0,8000.0,5930.355,18792.779,3000.0,14301.913,10977.995,22229.716,5922.522,3988.891,0.754,1.885,1.131,2.262,3.205,3.582,0.039,3.77
2026-03-05,31413.305,16918.707,8299.231,21977.218,5112.064,3784.675,45825.588,31561.124,12861.899,8277.871,13617.681,7389.487,2000.0,8000.0,5929.217,18792.779,3000.0,14306.453,10979.638,22236.198,5925.821,3990.757,0.754,1.884,1.13,2.261,3.203,3.58,0.054,3.768
2026-03-06,31476.634,16973.492,8285.506,22064.523,5100.707,3819.509,45874.227,31568.13,12875.166,8426.655,13617.681,7387.727,2000.0,8000.0,5925.44,18792.779,3000.0,14310.995,10981.227,22241.89,5928.014,3992.097,0.753,1.883,1.13,2.26,3.201,3.578,0.086,3.766
2026-03-09,31451.591,16921.205,8274.406,22172.825,5098.904,3803.293,45918.562,31578.71,12877.25,8357.315,13617.681,7385.968,2000.0,8000.0,5904.945,18792.779,3000.0,14315.538,10982.804,22248.008,5930.695,3993.774,0.752,1.88,1.128,2.256,3.196,3.572,0.07,3.76
2026-03-10,31496.933,16981.52,8296.685,22243.342,5102.67,3834.865,45940.88,31587.585,12869.361,8565.21,13617.681,7384.21,2000.0,8000.0,5896.05,18792.779,3000.0,14320.083,10984.377,22254.319,5933.66,3995.56,0.752,1.879,1.127,2.255,3.194,3.57,0.063,3.758
2026-03-11,31442.15,16978.941,8276.905,22195.648,5060.556,3874.508,45955.357,31564.681,12891.408,8424.786,13617.681,7382.451,2000.0,8000.0,5890.249,18792.779,3000.0,14324.629,10985.987,22260.841,5937.071,3997.477,0.751,1.878,1.127,2.254,3.193,3.568,0.052,3.756
2026-03-12,31385.092,16949.888,8291.092,22228.995,5066.203,3803.77,45999.633,31556.619,12884.549,8303.945,13617.681,7380.694,2000.0,8000.0,5896.125,18792.779,3000.0,14329.176,10987.583,22267.319,5940.112,3999.343,0.751,1.877,1.126,2.252,3.191,3.566,0.063,3.754
2026-03-13,31390.549,17006.24,8265.603,22245.567,5055.24,3795.589,45958.269,31549.798,12889.582,8391.842,13617.681,7378.936,2000.0,8000.0,5900.815,18792.779,3000.0,14333.725,10989.221,22273.929,5943.463,4001.262,0.75,1.876,1.126,2.251,3.189,3.564,0.049,3.752
2026-03-16,31382.013,17078.52,8286.185,22221.233,4988.934,3799.639,45956.598,31564.784,12884.495,8394.213,13617.681,7377.179,2000.0,8000.0,5907.372,18792.779,3000.0,14338.276,10990.861,22280.621,5946.821,4003.308,0.749,1.873,1.124,2.247,3.184,3.558,0.045,3.746
2026-03-17,31363.361,17046.341,8282.776,22227.365,5036.164,3803.993,45964.696,31527.065,12899.886,8415.048,13617.681,7375.423,2000.0,8000.0,5904.192,18792.779,3000.0,14342.827,10992.502,22287.283,5950.191,4005.221,0.749,1.872,1.123,2.246,3.182,3.556,0.047,3.744
2026-03-18,31423.607,16988.68,8286.957,22292.697,4984.465,3798.768,45986.886,31540.557,12920.261,8377.926,13617.681,7373.667,2000.0,8000.0,5901.644,18792.779,3000.0,14347.381,10994.154,22294.228,5953.637,4007.305,0.748,1.871,1.122,2.245,3.18,3.554,0.037,3.742
2026-03-19,31461.433,17045.706,8306.086,22268.927,4948.322,3776.566,46061.129,31559.308,12907.404,8350.094,13617.681,7371.911,2000.0,8000.0,5915.772,18792.779,3000.0,14351.935,10995.823,22301.313,5957.26,4009.487,0.748,1.87,1.122,2.244,3.179,3.553,0.029,3.74
2026-03-20,31495.218,17063.705,8329.659,22315.279,4941.564,3840.648,46098.429,31573.873,12929.396,8453.769,13617.681,7370.156,2000.0,8000.0,5907.96,18792.779,3000.0,14356.492,10997.49,22308.349,5960.867,4011.665,0.747,1.869,1.121,2.242,3.177,3.551,0.028,3.737
2026-03-23,31520.925,17066.477,8302.219,22373.516,4910.675,3846.773,46159.231,31575.878,12894.43,8478.668,13617.681,7368.401,2000.0,8000.0,5919.878,18792.779,3000.0,14361.049,10999.189,22315.744,5964.791,4013.998,0.746,1.866,1.119,2.239,3.172,3.545,0.007,3.731
2026-03-24,31539.364,17086.803,8331.846,22371.414,4957.193,3798.236,46153.907,31566.112,12884.046,8574.917,13617.681,7366.647,2000.0,8000.0,5920.067,18792.779,3000.0,14365.608,11000.891,22323.163,5968.734,4016.341,0.746,1.865,1.119,2.238,3.17,3.543,0.0,3.729
2026-03-25,31566.076,17013.727,8337.668,22410.453,4940.014,3812.304,46151.697,31557.142,12879.401,8596.044,13617.681,7364.893,2000.0,8000.0,5923.668,18792.779,3000.0,14370.169,11002.589,22330.539,5972.641,4018.663,0.745,1.864,1.118,2.236,3.168,3.541,0.002,3.727
2026-03-26,31582.088,16944.62,8325.421,22413.667,4975.97,3760.423,46174.962,31573.549,12854.985,8513.653,13617.681,7363.139,2000.0,8000.0,5928.271,18792.779,3000.0,14374.731,11004.272,22337.771,5976.419,4020.905,0.745,1.863,1.118,2.235,3.166,3.539,0.013,3.725
2026-03-27,31628.51,16945.661,8308.595,22388.867,5006.968,3798.264,46116.425,31616.551,12845.66,8621.794,13617.681,7361.386,2000.0,8000.0,5930.558,18792.779,3000.0,14379.294,11005.944,22344.905,5980.079,4023.1,0.745,1.862,1.117,2.234,3.165,3.537,0.018,3.723
2026-03-30,31635.026,16928.477,8287.777,22353.789,5026.411,3812.696,46173.241,31615.0,12828.594,8551.326,13617.681,7359.634,2000.0,8000.0,5924.662,18792.779,3000.0,14383.859,11007.632,22352.191,5983.9,4025.371,0.743,1.858,1.115,2.23,3.159,3.531,0.003,3.717
2026-03-31,31566.003,16946.793,8274.725,22339.264,5020.588,3808.28,46095.579,31609.065,12808.803,8555.321,13617.681,7357.881,2000.0,8000.0,5907.472,18792.779,3000.0,14388.425,11009.316,22359.43,5987.675,4027.613,0.743,1.857,1.114,2.229,3.158,3.529,0.006,3.715
2026-04-01,31606.605,16947.688,8258.146,22461.835,5058.532,3858.503,46062.65,31589.051,12793.749,8862.075,13617.681,7356.129,2000.0,8000.0,5904.257,18792.779,3000.0,14392.993,11010.972,22381.767,5991.176,4029.687,0.743,1.856,1.114,2.228,3.156,3.527,0.023,3.713
2026-04-02,31584.065,17004.255,8226.176,22325.102,5081.37,3868.061,46134.351,31601.655,12786.326,8687.448,13617.681,7354.378,2000.0,8000.0,5902.468,18792.779,3000.0,14397.562,11012.6,22403.744,5994.337,4031.586,0.742,1.855,1.113,2.226,3.154,3.525,0.036,3.711
2026-04-03,31622.382,17053.224,8215.535,22362.935,5117.238,3914.887,46135.066,31636.907,12805.742,8835.814,13617.681,7352.627,2000.0,8000.0,5902.725,18792.779,3000.0,14402.133,11014.215,22425.765,5997.542,4033.436,0.742,1.854,1.113,2.225,3.152,3.523,0.038,3.709
2026-04-06,31565.367,17059.369,8194.616,22427.204,5156.954,3964.363,46169.301,31629.27,12825.558,8887.5,13617.681,7350.876,2000.0,8000.0,5912.83,18792.779,3000.0,14406.705,11015.853,22447.906,6000.817,4035.428,0.74,1.851,1.111,2.221,3.147,3.517,0.031,3.702
2026-04-07,31588.115,17049.526,8163.351,22392.403,5202.946,3970.033,46239.488,31650.74,12838.29,8780.814,13617.681,7349.126,2000.0,8000.0,5905.709,18792.779,3000.0,14411.279,11017.433,22469.781,6003.869,4037.223,0.74,1.85,1.11,2.22,3.145,3.515,0.043,3.7
2026-04-08,31610.534,17054.784,8176.914,22342.32,5216.342,4017.827,46252.026,31654.365,12838.397,8838.607,13617.681,7347.376,2000.0,8000.0,5921.099,18792.779,3000.0,14415.854,11019.037,22491.586,6006.979,4039.097,0.74,1.849,1.11,2.219,3.144,3.513,0.038,3.698
2026-04-09,31554.399,17054.353,8147.89,22262.022,5246.459,4015.841,46271.768,31666.514,12841.84,8668.075,13617.681,7345.627,2000.0,8000.0,5917.331,18792.779,3000.0,14420.43,11020.665,22513.679,6010.228,4041.043,0.739,1.848,1.109,2.218,3.142,3.511,0.028,3.696
2026-04-10,31570.648,17009.893,8145.837,22312.677,5305.28,4018.432,46343.513,31657.861,12831.498,8708.391,13617.681,7343.878,2000.0,8000.0,5922.268,18792.779,3000.0,14425.008,11022.303,22535.85,6013.541,4042.992,0.739,1.847,1.108,2.217,3.14,3.51,0.023,3.694
2026-04-13,31564.866,16988.308,8168.465,22348.765,5377.951,4035.845,46371.795,31670.154,12844.051,8804.02,13617.681,7342.129,2000.0,8000.0,5943.264,18792.779,3000.0,14429.587,11023.873,22557.541,6016.385,4044.609,0.738,1.844,1.106,2.213,3.135,3.504,0.046,3.688
2026-04-14,31563.519,16953.903,8167.551,22422.904,5393.118,4065.357,46344.141,31672.266,12878.512,8888.831,13617.681,7340.381,2000.0,8000.0,5948.513,18792.779,3000.0,14434.168,11025.44,22578.937,6019.067,4046.225,0.737,1.843,1.106,2.212,3.133,3.502,0.051,3.686
2026-04-15,31518.937,16942.608,8208.153,22454.422,5459.602,4087.251,46382.238,31678.656,12850.379,8964.383,13617.681,7338.634,2000.0,8000.0,5929.467,18792.779,3000.0,14438.75,11026.952,22600.12,6021.163,4047.496,0.737,1.842,1.105,2.21,3.131,3.5,0.066,3.684
2026-04-16,31528.488,16983.035,8216.93,22342.454,5451.584,4134.348,46411.213,31694.094,12851.741,8901.654,13617.681,7336.886,2000.0,8000.0,5920.318,18792.779,3000.0,14443.334,11028.49,22621.375,6023.622,4048.938,0.736,1.841,1.105,2.209,3.13,3.498,0.059,3.682
2026-04-17,31534.939,17024.155,8234.894,22489.141,5461.555,4130.774,46453.96,31679.006,12857.731,9000.0,13617.681,7335.139,2000.0,8000.0,5921.91,18698.23,3000.0,14447.919,11030.001,22641.965,6026.028,4050.136,0.736,1.84,1.104,2.208,3.128,3.496,0.071,3.68
2026-04-20,31513.045,17006.455,8231.182,22496.451,5450.041,4122.083,46502.944,31667.119,12847.3,8928.155,13617.681,7333.393,2000.0,8000.0,5926.6,18698.23,3000.0,14452.506,11031.519,22663.008,6028.257,4051.53,0.735,1.837,1.102,2.204,3.123,3.49,0.062,3.674
2026-04-21,31472.91,16991.713,8236.368,22413.651,5526.882,4197.522,46551.011,31658.54,12835.446,8917.829,13617.681,7331.647,2000.0,8000.0,5917.786,18698.23,3000.0,14457.094,11033.055,22684.158,6030.624,4052.951,0.734,1.836,1.101,2.203,3.121,3.488,0.06,3.672
2026-04-22,31431.636,17029.97,8260.585,22361.585,5544.247,4205.587,46602.628,31622.743,12844.583,8916.5,13617.681,7329.901,2000.0,8000.0,5940.514,18698.23,3000.0,14461.684,11034.529,22703.981,6032.289,4053.704,0.734,1.835,1.101,2.202,3.119,3.486,0.09,3.67
2026-04-23,31389.046,17009.504,8281.665,22244.964,5543.885,4270.036,46683.735,31623.415,12839.285,8761.588,13617.681,7328.156,2000.0,8000.0,5950.256,18698.23,3000.0,14466.275,11035.975,22723.695,6033.598,4054.354,0.733,1.834,1.1,2.2,3.117,3.484,0.094,3.667
2026-04-24,31310.951,17066.821,8305.597,22235.892,5515.36,4340.31,46741.427,31616.531,12845.438,8741.416,13617.681,7326.411,2000.0,8000.0,5944.878,18698.23,3000.0,14470.867,11037.401,22744.176,6035.08,4055.199,0.733,1.833,1.1,2.199,3.116,3.482,0.083,3.665
2026-04-27,31309.113,17105.431,8301.246,22248.735,5579.199,4389.587,46852.637,31623.285,12853.657,8779.714,13617.681,7324.667,2000.0,8000.0,5944.639,18698.23,3000.0,14475.461,11038.836,22764.57,6036.692,4056.166,0.732,1.83,1.098,2.196,3.11,3.476,0.079,3.659
2026-04-28,31256.021,17153.038,8328.794,22197.387,5585.004,4400.532,46927.98,31612.403,12863.772,8707.128,13617.681,7322.923,2000.0,8000.0,5952.824,18698.23,3000.0,14480.056,11040.281,22785.271,6038.405,4057.052,0.731,1.829,1.097,2.194,3.109,3.474,0.08,3.657
2026-04-29,31215.993,17155.965,8337.357,22214.173,5551.551,4438.291,47017.947,31631.08,12852.917,8605.691,13617.681,7321.179,2000.0,8000.0,5950.282,18698.23,3000.0,14484.653,11041.697,22805.357,6039.709,4057.811,0.731,1.828,1.097,2.193,3.107,3.472,0.091,3.655
2026-04-30,31174.08,17147.303,8348.102,22157.401,5584.992,4454.677,47016.418,31614.473,12869.247,8567.961,13617.681,7319.436,2000.0,8000.0,5951.179,18698.23,3000.0,14489.251,11043.174,22826.007,6041.433,4058.666,0.731,1.827,1.096,2.192,3.105,3.47,0.081,3.653
2026-05-01,31180.375,17140.108,8376.486,22251.735,5624.0,4446.614,47059.287,31632.29,12891.338,8640.194,13617.681,7317.693,2000.0,8000.0,5947.083,18698.23,3000.0,14493.851,11044.692,22847.151,6043.681,4060.126,0.73,1.826,1.095,2.191,3.103,3.468,0.057,3.651
2026-05-04,31177.938,17061.751,8367.391,22340.981,5644.937,4456.291,47054.89,31629.077,12903.867,8680.365,13617.681,7315.951,2000.0,8000.0,5955.859,18698.23,3000.0,14498.452,11046.222,22868.381,6045.997,4061.5,0.729,1.822,1.093,2.187,3.098,3.463,0.054,3.645
2026-05-05,31148.721,17096.802,8361.678,22440.944,5725.018,4482.722,47055.425,31659.758,12924.038,8832.707,13617.681,7314.209,2000.0,8000.0,5946.649,18698.23,3000.0,14503.055,11047.763,22889.731,6048.231,4062.925,0.729,1.821,1.093,2.186,3.096,3.461,0.055,3.643
2026-05-06,31165.999,17103.358,8356.32,22493.855,5738.858,4450.294,47144.744,31668.534,12913.472,8796.323,13617.681,7312.468,2000.0,8000.0,5938.649,18698.23,3000.0,14507.659,11049.292,22910.638,6050.448,4064.426,0.728,1.82,1.092,2.184,3.095,3.459,0.057,3.641
2026-05-07,31234.556,17095.008,8357.354,22524.625,5792.986,4472.345,47137.632,31651.444,12919.026,8984.263,13617.681,7310.727,2000.0,8000.0,5933.404,18698.23,3000.0,14512.265,11050.762,22931.103,6051.937,4065.717,0.728,1.819,1.092,2.183,3.093,3.457,0.073,3.639
2026-05-08,31272.247,17055.335,8364.903,22544.951,5799.124,4527.539,47208.907,31649.78,12918.365,9000.0,13617.681,7308.986,2000.0,8000.0,5929.266,18693.481,3000.0,14516.872,11052.204,22951.505,6053.547,4066.867,0.727,1.818,1.091,2.182,3.091,3.455,0.075,3.637
2026-05-11,31223.868,17108.017,8345.885,22634.969,5849.783,4520.684,47200.285,31647.658,12954.884,9000.0,13617.681,7307.246,2000.0,8000.0,5926.615,18596.453,3000.0,14521.481,11053.631,22971.688,6054.919,4067.736,0.726,1.815,1.089,2.178,3.086,3.449,0.083,3.63
2026-05-12,31217.02,17174.674,8341.486,22579.542,5874.823,4556.455,47271.467,31662.571,12967.952,8975.573,13617.681,7305.506,2000.0,8000.0,5934.206,18596.453,3000.0,14526.091,11055.128,22992.608,6056.643,4068.977,0.726,1.814,1.089,2.177,3.084,3.447,0.066,3.628
2026-05-13,31206.588,17203.432,8335.447,22481.812,5882.511,4612.546,47288.598,31674.716,12959.515,8944.921,13617.681,7303.767,2000.0,8000.0,5939.707,18596.453,3000.0,14530.702,11056.598,23012.816,6058.406,4069.938,0.725,1.813,1.088,2.176,3.082,3.445,0.076,3.626
2026-05-14,31147.315,17156.704,8350.399,22385.128,5900.235,4671.73,47357.641,31667.287,12973.383,8775.905,13617.681,7302.028,2000.0,8000.0,5950.646,18596.453,3000.0,14535.315,11058.013,23032.443,6059.271,4070.473,0.725,1.812,1.087,2.175,3.081,3.443,0.098,3.624
2026-05-15,31111.965,17162.517,8345.456,22339.969,5899.206,4751.2,47358.119,31669.209,12983.564,8755.827,13617.681,7300.289,2000.0,8000.0,5937.994,18596.453,3000.0,14539.929,11059.382,23051.518,6060.107,4070.785,0.724,1.811,1.087,2.173,3.079,3.441,0.102,3.622
2026-05-18,31116.489,17229.623,8345.61,22174.536,5907.463,4797.511,47369.302,31660.291,12982.146,8713.478,13617.681,7298.551,2000.0,8000.0,5929.219,18596.453,3000.0,14544.545,11060.743,23071.114,6060.222,4071.292,0.723,1.808,1.085,2.17,3.074,3.435,0.099,3.616
2026-05-19,31160.488,17214.985,8333.304,22135.14,5910.031,4847.783,47384.413,31661.632,13006.017,8703.388,13617.681,7296.813,2000.0,8000.0,5922.598,18596.453,3000.0,14549.162,11062.172,23090.678,6060.56,4071.778,0.723,1.807,1.084,2.168,3.072,3.433,0.095,3.614
2026-05-20,31153.438,17184.599,8328.374,21882.708,5946.362,4902.467,47456.666,31674.353,12981.498,8446.751,13617.681,7295.076,2000.0,8000.0,5923.843,18596.453,3000.0,14553.781,11063.448,23109.335,6060.652,4072.032,0.722,1.806,1.084,2.167,3.07,3.431,0.111,3.612
2026-05-21,31170.961,17159.849,8321.336,21871.14,6029.007,4920.081,47471.673,31685.932,12975.374,8500.105,13617.681,7293.339,2000.0,8000.0,5916.876,18596.453,3000.0,14558.401,11064.822,23128.988,6061.506,4072.776,0.722,1.805,1.083,2.166,3.068,3.429,0.092,3.61
2026-05-22,31187.869,17189.231,8311.252,21733.619,6001.596,4947.821,47540.74,31674.711,12951.842,8383.061,13617.681,7291.602,2000.0,8000.0,5928.77,18596.453,3000.0,14563.023,11066.254,23148.923,6062.762,4073.554,0.722,1.804,1.082,2.165,3.067,3.427,0.086,3.608
2026-05-25,31182.367,17164.27,8317.892,21825.415,6010.197,4989.76,47601.193,31690.227,12957.91,8424.614,13617.681,7289.866,2000.0,8000.0,5927.491,18596.453,3000.0,14567.646,11067.695,23168.734,6064.116,4074.601,0.72,1.801,1.08,2.161,3.061,3.422,0.088,3.602
2026-05-26,31189.03,17237.693,8333.649,21949.439,6069.916,5011.519,47685.071,31671.107,12964.398,8659.564,13617.681,7288.131,2000.0,8000.0,5925.982,18596.453,3000.0,14572.271,11069.072,23188.634,6065.544,4075.247,0.72,1.8,1.08,2.16,3.06,3.42,0.092,3.6
2026-05-27,31202.602,17304.581,8309.523,21980.451,6144.057,5035.325,47742.383,31648.364,12980.834,8803.277,13617.681,7286.395,2000.0,8000.0,5929.045,18596.453,3000.0,14576.897,11070.503,23208.371,6066.794,4076.064,0.72,1.799,1.079,2.159,3.058,3.418,0.082,3.598
2026-05-28,31203.003,17347.684,8322.113,21942.953,6159.234,5014.218,47817.412,31673.126,13004.587,8704.449,13617.681,7284.66,2000.0,8000.0,5934.732,18596.453,3000.0,14581.525,11071.949,23228.126,6067.857,4076.991,0.719,1.798,1.079,2.157,3.056,3.416,0.083,3.595
2026-05-29,31210.008,17322.857,8337.966,21956.451,6148.171,5047.569,47837.472,31668.667,13007.58,8719.902,13617.681,7282.926,2000.0,8000.0,5928.6,18596.453,3000.0,14586.154,11073.417,23248.281,6069.497,4077.887,0.719,1.797,1.078,2.156,3.054,3.414,0.076,3.593
2026-06-01,31179.948,17268.339,8333.941,21930.922,6136.776,5110.371,47846.243,31687.599,12998.85,8644.237,13617.681,7281.192,2000.0,8000.0,5928.267,18596.453,3000.0,14590.784,11074.863,23268.769,6071.388,4078.738,0.717,1.794,1.076,2.152,3.049,3.408,0.075,3.587
2026-06-02,31190.024,17287.076,8356.462,21963.435,6162.108,5179.155,47914.842,31695.358,12988.78,8759.145,13617.681,7279.458,2000.0,8000.0,5925.135,18596.453,3000.0,14595.416,11076.32,23289.331,6072.92,4079.846,0.717,1.793,1.076,2.151,3.047,3.406,0.071,3.585
2026-06-03,31155.608,17276.979,8390.842,21989.189,6192.158,5222.406,47877.428,31695.704,12961.327,8927.6,13617.681,7277.725,2000.0,8000.0,5933.779,18596.453,3000.0,14600.05,11077.838,23310.411,6075.169,4081.187,0.717,1.792,1.075,2.15,3.046,3.404,0.056,3.583
2026-06-04,31159.918,17342.015,8382.924,21936.079,6228.687,5248.903,47951.186,31695.378,12960.587,8920.795,13617.681,7275.992,2000.0,8000.0,5921.957,18596.453,3000.0,14604.685,11079.347,23331.317,6077.268,4082.506,0.716,1.791,1.074,2.149,3.044,3.402,0.056,3.581
2026-06-05,31063.478,17307.917,8338.85,21911.164,6265.757,5304.55,48087.764,31684.257,12966.539,8682.89,13617.681,7274.26,2000.0,8000.0,5915.901,18596.453,3000.0,14609.321,11080.821,23351.994,6079.038,4083.509,0.716,1.79,1.074,2.147,3.042,3.4,0.067,3.579
2026-06-08,31103.411,17240.228,8333.447,21903.507,6246.226,5306.226,48204.066,31710.84,12953.662,8502.851,13617.681,7272.528,2000.0,8000.0,5918.171,18596.453,3000.0,14613.959,11082.328,23372.978,6081.386,4084.889,0.715,1.786,1.072,2.144,3.037,3.394,0.055,3.573
2026-06-09,31092.326,17254.589,8314.883,21946.248,6321.894,5351.532,48335.891,31700.126,12940.453,8550.637,13617.681,7270.796,2000.0,8000.0,5919.063,18596.453,3000.0,14618.598,11083.854,23394.084,6083.432,4086.23,0.714,1.785,1.071,2.142,3.035,3.392,0.052,3.571
2026-06-10,31153.857,17239.246,8336.609,22055.806,6338.378,5473.638,48357.138,31723.707,12950.579,8822.725,13617.681,7269.065,2000.0,8000.0,5923.669,18596.453,3000.0,14623.239,11085.343,23414.801,6085.277,4087.368,0.714,1.784,1.071,2.141,3.033,3.39,0.062,3.569
2026-06-11,31124.969,17197.925,8334.237,22099.436,6353.446,5585.419,48391.476,31744.491,12973.037,8854.245,13617.681,7267.335,2000.0,8000.0,5928.499,18596.453,3000.0,14627.881,11086.88,23435.902,6087.675,4088.778,0.713,1.783,1.07,2.14,3.032,3.388,0.049,3.567
2026-06-12,31147.589,17188.822,8321.768,22104.478,6369.777,5583.05,48374.753,31726.385,12961.903,8914.137,13617.681,7265.604,2000.0,8000.0,5916.001,18596.453,3000.0,14632.525,11088.404,23456.892,6089.556,4090.132,0.713,1.782,1.069,2.139,3.03,3.386,0.052,3.565
2026-06-15,31105.012,17175.409,8323.875,22097.756,6421.714,5612.435,48341.112,31738.401,12959.917,8951.744,13617.681,7263.874,2000.0,8000.0,5902.905,18596.453,3000.0,14637.17,11089.936,23478.256,6091.935,4091.654,0.712,1.779,1.068,2.135,3.025,3.381,0.041,3.558
2026-06-16,31119.805,17138.72,8316.055,22075.897,6449.894,5583.678,48380.397,31744.375,12985.871,8841.943,13617.681,7262.145,2000.0,8000.0,5910.093,18596.453,3000.0,14641.817,11091.444,23499.151,6094.054,4092.916,0.711,1.778,1.067,2.134,3.023,3.379,0.057,3.556
2026-06-17,31168.073,17099.564,8294.153,22162.116,6435.899,5689.812,48379.696,31749.325,12994.686,8988.753,13617.681,7260.416,2000.0,8000.0,5898.023,18596.453,3000.0,14646.465,11092.85,23518.984,6095.214,4093.59,0.711,1.777,1.066,2.133,3.021,3.377,0.085,3.554
2026-06-18,31175.472,17116.715,8251.66,22166.772,6439.532,5717.268,48458.287,31749.934,12973.225,8961.343,13617.681,7258.687,2000.0,8000.0,5904.17,18596.453,3000.0,14651.115,11094.158,23537.986,6095.581,4093.825,0.71,1.776,1.066,2.131,3.019,3.375,0.106,3.552
2026-06-19,31140.796,17120.196,8231.795,22096.683,6439.601,5795.498,48460.486,31734.189,12951.084,8961.121,13617.681,7256.959,2000.0,8000.0,5904.731,18596.453,3000.0,14655.766,11095.544,23557.678,6096.306,4094.262,0.71,1.775,1.065,2.13,3.018,3.373,0.096,3.55
2026-06-22,31110.667,17113.247,8241.576,22186.689,6443.909,5904.315,48422.477,31700.556,12942.578,9000.0,13617.681,7255.231,2000.0,8000.0,5914.235,18363.465,3000.0,14660.419,11096.878,23576.621,6096.696,4094.644,0.709,1.772,1.063,2.126,3.012,3.367,0.1,3.544
2026-06-23,31095.282,17155.771,8231.597,22294.929,6492.333,5937.951,48514.548,31697.658,12961.56,9000.0,13617.681,7253.504,2000.0,8000.0,5930.363,18241.653,3000.0,14665.073,11098.242,23596.018,6097.293,4095.006,0.708,1.771,1.063,2.125,3.011,3.365,0.095,3.542
2026-06-24,31157.867,17118.631,8245.492,22201.128,6503.476,5977.15,48562.948,31691.458,12947.246,8980.136,13617.681,7251.777,2000.0,8000.0,5936.121,18241.653,3000.0,14669.729,11099.618,23615.43,6098.477,4095.581,0.708,1.77,1.062,2.124,3.009,3.363,0.091,3.54
2026-06-25,31171.105,17062.941,8240.912,22186.107,6463.478,5948.21,48585.191,31715.128,12953.131,8789.319,13617.681,7250.05,2000.0,8000.0,5921.707,18241.653,3000.0,14674.386,11100.936,23635.0,6098.982,4096.044,0.708,1.769,1.061,2.123,3.007,3.361,0.105,3.538
2026-06-26,31203.114,17035.348,8255.57,22274.578,6484.15,6011.233,48651.965,31744.051,12945.261,8901.013,13617.681,7248.324,2000.0,8000.0,5923.605,18241.653,3000.0,14679.044,11102.316,23654.97,6100.063,4096.795,0.707,1.768,1.061,2.121,3.005,3.359,0.083,3.536
2026-06-29,31179.489,17023.09,8244.446,22120.949,6539.905,5970.16,48633.464,31739.315,12975.079,8708.233,13617.681,7246.598,2000.0,8000.0,5916.974,18241.653,3000.0,14683.704,11103.702,23674.493,6100.957,4097.299,0.706,1.765,1.059,2.118,3.0,3.353,0.092,3.53
2026-06-30,31198.745,16985.504,8276.115,22172.273,6608.874,6063.186,48692.598,31754.062,13022.464,8802.759,13617.681,7244.873,2000.0,8000.0,5899.72,18241.653,3000.0,14688.366,11105.113,23694.317,6101.763,4097.921,0.706,1.764,1.058,2.117,2.998,3.351,0.086,3.528
2026-07-01,31213.289,17000.826,8247.201,22335.763,6564.414,6063.773,48711.829,31734.85,13012.487,8950.141,13617.681,7243.148,2000.0,8000.0,5910.188,18241.653,3000.0,14693.029,11106.423,23698.058,6102.047,4098.299,0.705,1.763,1.058,2.115,2.997,3.349,0.099,3.526
2026-07-02,31195.95,16919.551,8225.592,22345.995,6575.526,6058.365,48772.348,31734.161,13014.211,8782.763,13617.681,7241.423,2000.0,8000.0,5902.262,18241.653,3000.0,14697.693,11107.843,23702.318,6102.473,4098.871,0.705,1.762,1.057,2.114,2.995,3.347,0.096,3.523
2026-07-03,31152.057,16914.624,8192.623,22203.459,6601.877,6080.892,48773.552,31731.463,12998.919,8634.02,13617.681,7239.699,2000.0,8000.0,5905.789,18241.653,3000.0,14702.359,11109.267,23706.767,6103.841,4099.536,0.704,1.761,1.056,2.113,2.993,3.345,0.082,3.521
2026-07-06,31162.13,16929.691,8199.154,22131.282,6601.764,6033.03,48699.072,31724.373,13005.644,8634.046,13617.681,7237.975,2000.0,8000.0,5913.059,18241.653,3000.0,14707.026,11110.66,23711.338,6105.239,4100.274,0.703,1.758,1.055,2.109,2.988,3.339,0.082,3.515
2026-07-07,31201.121,16965.371,8183.18,22180.086,6616.07,6093.021,48696.455,31700.398,12992.006,8865.017,13617.681,7236.252,2000.0,8000.0,5915.611,18241.653,3000.0,14711.695,11112.019,23716.011,6106.509,4100.789,0.703,1.757,1.054,2.108,2.986,3.338,0.088,3.513
2026-07-08,31162.975,16949.908,8179.822,22245.751,6598.957,6143.935,48749.719,31706.321,12987.229,8875.034,13617.681,7234.529,2000.0,8000.0,5931.146,18241.653,3000.0,14716.366,11113.431,23720.718,6107.592,4101.483,0.702,1.756,1.053,2.107,2.984,3.336,0.084,3.511
2026-07-09,31192.171,16869.749,8176.381,22156.258,6628.612,6174.28,48699.794,31725.817,12978.841,8822.867,13617.681,7232.806,2000.0,8000.0,5917.664,18241.653,3000.0,14721.038,11114.865,23725.014,6108.515,4102.205,0.702,1.755,1.053,2.105,2.983,3.334,0.086,3.509
2026-07-10,31188.206,16912.651,8173.86,22142.4,6649.743,6126.236,48634.192,31711.811,12998.075,8889.26,13617.681,7231.084,2000.0,8000.0,5921.643,18241.653,3000.0,14725.711,11116.301,23729.196,6109.989,4102.987,0.701,1.753,1.052,2.104,2.981,3.332,0.076,3.507
2026-07-13,31221.41,16910.485,8138.921,22054.613,6670.416,6144.445,48718.327,31716.198,13006.13,8753.112,13617.681,7229.363,2000.0,8000.0,5928.484,18241.653,3000.0,14730.386,11117.829,23734.77,6112.12,4104.367,0.7,1.75,1.05,2.1,2.976,3.326,0.048,3.501
2026-07-14,31215.27,17012.531,8134.107,22040.961,6693.27,6228.022,48692.122,31697.817,13017.431,8973.795,13617.681,7227.641,2000.0,8000.0,5925.61,18241.653,3000.0,14735.062,11119.32,23740.012,6114.0,4105.466,0.7,1.749,1.05,2.099,2.974,3.324,0.061,3.499
2026-07-15,31182.619,17045.029,8119.001,22004.767,6743.197,6172.256,48721.989,31699.671,13030.62,8874.971,13617.681,7225.92,2000.0,8000.0,5922.59,18241.653,3000.0,14739.74,11120.781,23744.606,6115.55,4106.253,0.699,1.748,1.049,2.098,2.972,3.322,0.069,3.497
2026-07-16,31180.468,17036.929,8102.225,22051.821,6746.033,6251.554,48675.48,31717.318,13068.053,8971.478,13617.681,7224.2,2000.0,8000.0,5919.107,18241.653,3000.0,14744.419,11122.239,23749.62,6117.026,4107.177,0.699,1.747,1.048,2.097,2.97,3.32,0.069,3.495
2026-07-17,31242.895,17002.536,8085.089,21991.933,6771.741,6231.485,48688.703,31742.106,13074.213,8881.865,13617.681,7222.48,2000.0,8000.0,5910.617,18241.653,3000.0,14749.1,11123.677,23754.538,6118.344,4108.231,0.699,1.746,1.048,2.096,2.969,3.318,0.069,3.493
2026-07-20,31321.052,16955.468,8094.692,22060.504,6708.457,6292.077,48617.746,31714.176,13068.51,9000.0,13617.681,7220.76,2000.0,8000.0,5909.104,18143.736,3000.0,14753.782,11125.122,23758.959,6119.726,4108.882,0.697,1.743,1.046,2.092,2.963,3.312,0.08,3.486
2026-07-21,31348.347,16912.862,8071.682,22014.214,6722.019,6316.557,48549.794,31702.1,13075.327,9000.0,13617.681,7219.041,2000.0,8000.0,5918.822,18100.974,3000.0,14758.466,11126.555,23763.795,6120.969,4109.789,0.697,1.742,1.045,2.091,2.962,3.31,0.071,3.484
2026-07-22,31364.045,16944.894,8082.603,22052.308,6710.768,6304.409,48595.182,31671.444,13101.839,9000.0,13617.681,7217.322,2000.0,8000.0,5923.467,18057.821,3000.0,14763.151,11128.019,23768.994,6122.695,4110.779,0.696,1.741,1.045,2.089,2.96,3.308,0.061,3.482
2026-07-23,31412.126,16977.346,8092.711,22114.602,6698.637,6326.344,48640.892,31667.082,13103.18,9070.591,13617.681,7215.604,2000.0,8000.0,5925.426,18000.0,3000.0,14767.838,11129.473,23774.142,6124.588,4111.834,0.696,1.74,1.044,2.088,2.958,3.306,0.059,3.48
2026-07-24,31354.678,17019.745,8081.849,22119.686,6709.331,6284.489,48729.012,31659.104,13111.727,8947.816,13617.681,7213.886,2000.0,8000.0,5936.922,18000.0,3000.0,14772.526,11130.903,23778.709,6125.889,4112.634,0.696,1.739,1.043,2.087,2.956,3.304,0.073,3.478
2026-07-27,31294.67,17081.603,8079.362,22068.828,6753.182,6205.006,48666.328,31652.03,13092.298,8952.629,13617.681,7212.168,2000.0,8000.0,5933.268,18000.0,3000.0,14777.216,11132.39,23784.19,6127.765,4113.815,0.694,1.736,1.042,2.083,2.951,3.298,0.055,3.472
2026-07-28,31314.412,17067.313,8049.681,22020.168,6817.351,6156.4,48647.016,31634.384,13093.288,8944.821,13617.681,7210.451,2000.0,8000.0,5940.409,18000.0,3000.0,14781.907,11133.831,23789.025,6129.175,4114.619,0.694,1.735,1.041,2.082,2.949,3.296,0.07,3.47
2026-07-29,31348.947,17084.815,8077.502,22015.789,6849.222,6143.926,48690.181,31669.362,13120.186,8927.522,13617.681,7208.734,2000.0,8000.0,5926.867,18000.0,3000.0,14786.6,11135.28,23794.234,6130.915,4115.662,0.694,1.734,1.04,2.081,2.948,3.295,0.061,3.468
2026-07-30,31299.211,17034.795,8091.992,21954.688,6884.711,6151.141,48737.894,31632.441,13125.91,8823.509,13617.681,7207.018,2000.0,8000.0,5936.62,18000.0,3000.0,14791.294,11136.776,23799.617,6132.955,4116.963,0.693,1.733,1.04,2.08,2.946,3.293,0.047,3.466
2026-07-31,31279.069,17030.3,8060.843,21859.885,6901.209,6160.616,48807.636,31681.262,13141.282,8580.93,13617.681,7205.302,2000.0,8000.0,5946.181,18000.0,3000.0,14795.989,11138.243,23804.458,6134.545,4117.911,0.693,1.732,1.039,2.078,2.944,3.291,0.064,3.464
2026-08-03,31234.128,17043.25,8095.449,21835.661,6874.931,6098.397,48784.705,31684.962,13131.111,8510.178,13617.681,7203.586,2000.0,8000.0,5949.72,18000.0,3000.0,14800.686,11139.702,23809.537,6136.211,4118.943,0.692,1.729,1.037,2.075,2.939,3.285,0.063,3.458
2026-08-04,31140.208,17049.46,8099.425,21848.667,6901.079,6030.181,48753.359,31698.002,13139.011,8417.708,13617.681,7201.871,2000.0,8000.0,5953.227,18000.0,3000.0,14805.385,11141.206,23815.177,6138.352,4120.195,0.691,1.728,1.037,2.073,2.937,3.283,0.047,3.456
2026-08-05,31113.173,17030.513,8083.217,21739.785,6930.261,5994.345,48719.225,31703.893,13133.31,8268.851,13617.681,7200.157,2000.0,8000.0,5941.738,18000.0,3000.0,14810.085,11142.719,23820.794,6140.605,4121.426,0.691,1.727,1.036,2.072,2.935,3.281,0.044,3.453
2026-08-06,31145.569,17076.218,8089.83,21636.947,6934.007,5937.859,48667.66,31692.398,13133.807,8274.087,13617.681,7198.442,2000.0,8000.0,5948.859,18000.0,3000.0,14814.787,11144.185,23825.844,6142.389,4122.397,0.69,1.726,1.035,2.071,2.934,3.279,0.058,3.451
2026-08-07,31116.061,17121.768,8105.274,21705.735,6975.289,5913.101,48705.725,31705.444,13114.719,8376.892,13617.681,7196.728,2000.0,8000.0,5960.473,18000.0,3000.0,14819.49,11145.587,23830.283,6143.501,4123.256,0.69,1.725,1.035,2.07,2.932,3.277,0.072,3.449
2026-08-10,31152.267,17104.555,8096.566,21650.254,6986.888,5818.671,48677.566,31701.796,13140.756,8263.654,13617.681,7195.015,2000.0,8000.0,5963.071,18000.0,3000.0,14824.195,11147.022,23835.317,6145.141,4124.209,0.689,1.722,1.033,2.066,2.927,3.271,0.065,3.443
2026-08-11,31170.642,17118.868,8055.686,21670.17,6989.442,5830.769,48686.243,31705.08,13166.294,8268.568,13617.681,7193.302,2000.0,8000.0,5972.69,18000.0,3000.0,14828.901,11148.437,23839.901,6146.586,4125.088,0.688,1.721,1.032,2.065,2.925,3.269,0.069,3.441
2026-08-12,31210.035,17207.35,8047.885,21521.351,7032.214,5817.767,48787.409,31715.455,13174.085,8142.938,13617.681,7191.589,2000.0,8000.0,5958.947,18000.0,3000.0,14833.608,11149.848,23844.256,6147.252,4125.741,0.688,1.72,1.032,2.063,2.923,3.267,0.077,3.439
2026-08-13,31281.89,17186.306,8025.791,21458.719,7010.215,5893.705,48860.19,31712.94,13177.037,8110.108,13617.681,7189.877,2000.0,8000.0,5972.889,18000.0,3000.0,14838.317,11151.263,23849.131,6148.755,4126.696,0.687,1.719,1.031,2.062,2.921,3.265,0.066,3.437
2026-08-14,31284.725,17148.943,8014.571,21337.86,6990.092,5823.856,48834.225,31712.631,13138.324,7929.076,13617.681,7188.165,2000.0,8000.0,5977.026,18000.0,3000.0,14843.028,11152.683,23853.884,6150.281,4127.541,0.687,1.717,1.03,2.061,2.92,3.263,0.07,3.435
2026-08-17,31288.414,17175.931,8006.148,21340.122,6978.359,5823.7,48759.249,31689.402,13117.539,8067.44,13617.681,7186.453,2000.0,8000.0,5977.349,18000.0,3000.0,14847.74,11154.118,23858.266,6151.523,4128.295,0.686,1.714,1.029,2.057,2.914,3.257,0.068,3.429
2026-08-18,31303.261,17220.971,7972.861,21442.394,6983.871,5814.901,48779.502,31677.744,13130.408,8175.726,13617.681,7184.742,2000.0,8000.0,5975.09,18000.0,3000.0,14852.454,11155.588,23863.116,6153.175,4129.343,0.685,1.713,1.028,2.056,2.913,3.255,0.06,3.427
2026-08-19,31300.405,17200.561,7979.378,21530.917,6974.896,5813.574,48768.483,31700.493,13131.366,8238.703,13617.681,7183.032,2000.0,8000.0,5982.858,18000.0,3000.0,14857.169,11157.072,23868.049,6154.948,4130.433,0.685,1.712,1.027,2.055,2.911,3.253,0.054,3.425
2026-08-20,31293.99,17150.729,7994.493,21524.748,7014.172,5781.197,48732.301,31670.268,13087.929,8291.172,13617.681,7181.321,2000.0,8000.0,5959.458,18000.0,3000.0,14861.885,11158.545,23873.092,6156.596,4131.402,0.685,1.711,1.027,2.054,2.909,3.252,0.056,3.423
2026-08-21,31344.47,17096.142,7995.185,21524.171,7038.63,5762.988,48767.228,31661.53,13103.654,8261.6,13617.681,7179.612,2000.0,8000.0,5963.114,18000.0,3000.0,14866.603,11159.997,23878.087,6158.415,4132.4,0.684,1.71,1.026,2.052,2.907,3.25,0.057,3.421
2026-08-24,31289.353,17093.056,7986.477,21535.619,7049.817,5750.107,48780.514,31682.731,13114.951,8176.99,13617.681,7177.902,2000.0,8000.0,5975.018,18000.0,3000.0,14871.323,11161.482,23883.513,6160.261,4133.529,0.683,1.707,1.024,2.049,2.902,3.244,0.051,3.414
2026-08-25,31240.09,17076.338,7972.031,21624.545,6983.768,5756.942,48771.953,31693.137,13125.158,8127.151,13617.681,7176.193,2000.0,8000.0,5981.516,18000.0,3000.0,14876.044,11162.953,23888.888,6162.259,4134.726,0.682,1.706,1.024,2.047,2.9,3.242,0.047,3.412
2026-08-26,31264.42,17087.611,7973.917,21681.001,6989.474,5744.52,48747.44,31699.599,13122.039,8239.328,13617.681,7174.485,2000.0,8000.0,5978.862,18000.0,3000.0,14880.766,11164.393,23893.654,6163.584,4135.712,0.682,1.705,1.023,2.046,2.899,3.24,0.062,3.41
2026-08-27,31312.709,17144.472,7990.747,21665.579,6991.818,5773.939,48807.379,31714.786,13115.968,8320.711,13617.681,7172.776,2000.0,8000.0,5984.547,18000.0,3000.0,14885.49,11165.855,23898.447,6165.365,4136.527,0.682,1.704,1.022,2.045,2.897,3.238,0.064,3.408
2026-08-28,31336.555,17197.867,7978.477,21684.244,7075.564,5852.187,48798.132,31711.712,13106.47,8587.116,13617.681,7171.069,2000.0,8000.0,5977.071,18000.0,3000.0,14890.216,11167.27,23902.811,6166.24,4137.194,0.681,1.703,1.022,2.044,2.895,3.236,0.074,3.406
2026-08-31,31309.572,17203.451,7969.337,21654.409,7132.375,5919.539,48813.738,31717.085,13135.16,8613.189,13617.681,7169.361,2000.0,8000.0,5982.586,18000.0,3000.0,14894.943,11168.641,23906.698,6166.852,4137.585,0.68,1.7,1.02,2.04,2.89,3.23,0.087,3.4
